Avanti's Italian Restaurant,4711 N Rockwood Dr,Peoria,61615,IL,40.74551999,-89.63286271,0,25
Elmer Sudds,475 E Northampton St,Wilkes Barre,18702,City Of Wb,41.23404,-75.87414,,
Pizza Inn,5040 Hardy St,Hattiesburg,39402,MS,31.32153,-89.37178,,
Bravo Pizza Hollywood,5142 Hollywood Blvd,Los Angeles,90027,Los Feliz,34.1017424,-118.3019729,,
La China Poblana,556 State Route 18,East Brunswick,8816,NJ,40.437874,-74.392006,,
Mellow Mushroom,5575 Chamblee Dunwoody Rd,Atlanta,30338,Atl,33.950695,-84.336336,25,40
Louie's Pizza,5996 Stetson Hills Blvd,Colorado Springs,80923,Cimarron Hills,38.9106,-104.716064,,
Bearno's Pizza,6101 Bardstown Rd,Louisville,40291,KY,38.15805,-85.59119,,
Park Ave Pizzeria,620 S Broad St,Lansdale,19446,PA,40.233795,-75.29139,,
Carluccio's,932 S 10th St,Philadelphia,19147,PA,39.938407,-75.159763,25,40
Brix Wine Café,9749 N E 119th Way,Kirkland,98034,Kingsgate,47.7067,-122.2117319,25,40
Rusty Bucket,Woodward Ave Bloomfield Hills Mi,Bloomfield Hills,48304,Bloomfld Hls,42.60250297,-83.26210238,25,40
Mr Shoes Pizza,107 Driving Park Ave,Rochester,14613,NY,43.18093,-77.63273,,
Vincenzo's Pizzeria,109 Main St,Port Jefferson,11777,Prt Jefferson,40.9461912,-73.06889219,0,25
Nino's Trattoria & Pizzeria,111 Lawrence Rd,Lawrence Township,8648,Lawrenceville,40.24614006,-74.74381959,,
Midnight Muncheez,1125 Victoria St,Costa Mesa,92627,CA,33.65196,-117.94687,,
Pizza Bella,1136 Thorn Run Rd,Coraopolis,15108,Carpolis,40.505474,-80.207523,,
Joey D's Italian Grill,114 Pleasant St,Marblehead,1945,MA,42.501686,-70.85692,,
North End Pizzeria,11628 Santa Monica Blvd,Los Angeles,90025,Wla,34.0443,-118.45478,,
Calandra's Mediterranean Grill,118 Us Highway 46 E,Fairfield,7004,NJ,40.865722,-74.317511,31,50
Zios Italian Kitchen - Olathe,11981 S Strang Line Rd,Olathe,66062,KS,38.90896786,-94.76871014,25,40
Euro Pizzeria,120 E Post Rd,White Plains,10601,NY,41.02836,-73.76654,,
Mellow Mushroom Pizza Bakers,1201 16th St,Denver,80202,CO,39.748593,-104.996471,25,40
La Vita's Pizzeria,121 W Main St,Moorestown,8057,NJ,39.96295557,-74.94923864,0,25
Joe Cristianos Pizza,1225 Route 9g,Hyde Park,12538,NY,41.79690003,-73.91399757,0,25
Mamma Lucia,12274 Rockville Pike,Rockville,20852,No Bethesda,39.057884,-77.12069,25,40
The Fire Den,1231 Park St,Alameda,94501,CA,37.76190689,-122.2450572,0,25
Jcpenney,1245 Worcester St,Natick,1760,No Natick,42.299273,-71.387153,25,40
The Union Kitchen (memorial Dr),12538 Memorial Dr,Houston,77024,Bunker Hill Village,29.766338,-95.552739,0,30
Gianfabio's Italian Cafe,127 Hilltown Village Ctr,Chesterfield,63017,Clarkson Valley,38.65952,-90.55173,50,55
Poplar Pizza & Restaurant,127 W US Highway 54,Andover,67002,KS,37.67888023,-97.136386,,
Prima Pizza,133 Back River Neck Rd,Essex,21221,MD,39.309917,-76.44597,,
Phat Boyz New York Style Pizzeria,1365 Sam Nunn Blvd,Perry,31069,GA,32.46707731,-83.74068329,10,15
City Pizza,1370 Riverfront Ctr,Amsterdam,12010,West Glenville,42.93636,-74.18918,,
Original Giorgio's,14 Scott Adam Rd,Cockeysville,21030,MD,39.47173,-76.63863,,
Pirate's Cove,1401 Coshocton Ave,Mount Vernon,43050,OH,40.40309,-82.44859,,
Maria D's,1411 Mountain Rd,Joppa,21085,Joppatowne,39.43921497,-76.34532504,,
Mellow Mushroom - Phoenix,14205 S 50th St,Phoenix,85044,AZ,33.317959,-111.975645,0,30
Tomaso's,163 Old River Rd,Edgewater,7020,NJ,40.806462,-73.992604,50,55
Quinnipiac Pizza Deli,1653 Quinnipiac Ave,New Haven,6513,Fair Haven,41.331116,-72.86771,,
Davanti Enoteca - Little Italy,1655 India St,San Diego,92101,CA,32.722675,-117.168069,0,30
The County Cork Wine Pub,1716 Liberty Rd,Sykesville,21784,MD,39.399492,-76.934053,0,30
Gino's Pizza,1829 Eastgate Rd,Toledo,43614,OH,41.60682,-83.65281,,
Lil' Frankie's,19 First Ave,New York,10003,Manhattan,40.723621,-73.988551,0,30
Two Brothers Pizza,19065 Beach Blvd,Huntington Beach,92648,CA,33.68510357,-117.9903746,,
Hungry Howie's Pizza,1909 E Ray Rd,Chandler,85225,AZ,33.32076,-111.80924,,
Straw Hat Pizza,191 San Felipe Rd,Hollister,95023,CA,36.858784,-121.40163,,
Johnny's Pizza House,1924 Julia St,Rayville,71269,Holly Ridge,32.46283,-91.75999,,
Icon Grill,1933 5th Ave,Seattle,98101,WA,47.613,-122.3383,25,40
Morina's Italian Restaurant,2006 S Pine St,Cabot,72023,AR,34.94331,-92.0087,0,25
The Depot,201 Railroad St W,Missoula,59802,MT,46.8759566,-113.9938798,,
Aubree's Northville,20420 Haggerty Rd,Northville,48167,MI,42.43673068,-83.43467653,25,40
Pizza Forum,215 Main St,Auburn,46706,Norland Park,41.36616803,-85.0557612,,
Mamas Pizza,219 S Sandusky Ave,Bucyrus,44820,OH,40.807389,-82.975592,,
Piazza D'angelo,22 Miller Ave,Mill Valley,94941,Strawberry Point,37.905361,-122.548607,0,30
Gran Morsi,22 Warren St,New York,10007,Manhattan,40.71432,-74.00777,31,50
The Pizza Stop,222 E Main St,Collegeville,19426,Rahns,40.1839699,-75.45161311,,
Abo's Pizza,2220 Wildcat Reserve,Littleton,80129,CO,39.53555771,-105.0149,,
Mi Pal's Deli,2300 S 16th St,Philadelphia,19145,PA,39.92231,-75.17348,0,25
24 Hour Express Locksmith Inc,2328 Fairmount Ave,Philadelphia,19130,PA,39.967141,-75.176412,,
The Pizza Joint,2402 N High St,Columbus,43202,OH,40.0112827,-83.0105048,,
Disalvo's Pizza Italian Restaurant,2486 N Federal Hwy,Pompano Beach,33064,Deerfield Beach,26.262205,-80.09921,,
Giovanni's Pizzeria,250 Sicklerville Rd,Sicklerville,8081,NJ,39.712646,-74.96237,,
Ameci Pizza & Pasta,25431 Trabuco Rd,Lake Forest,92630,CA,33.648342,-117.686806,,
Gino's Pizza of Babylon,258 Deer Park Ave,Babylon,11702,Gilgo Beach,40.70027,-73.32266,,
Positano - Greensboro,2605 Lawndale Dr,Greensboro,27408,Guilford Courthouse National,36.101983,-79.820644,0,30
Giovanni's Pizza and Pasta,26900 Newport Rd,Menifee,92584,CA,33.68678191,-117.1903038,25,40
Warrens Place,27 Pleasant St,South Weymouth,2190,Weymouth Nas,42.17215921,-70.95452033,25,40
Bertucci's,2847 State Route 35,Hazlet,7730,NJ,40.41778328,-74.17122535,25,40
Spinelli's Pizza,2905 Goose Creek Rd,Louisville,40241,Brownsboro Farm,38.287037,-85.57828,,
Marco's Pizza,298 Racetrack Rd,Mcdonough,30252,GA,33.430286,-84.13417,,
Empire Pizza,300 New Britain Rd,Berlin,06037-1355,CT,41.64044,-72.76979,,
Pronto Pizza,303 SE 17th St,Ocala,34471,FL,29.171679,-82.13436,,
Prison Brews Brewery & Restaurant,305 Ash St,Jefferson City,65101,Honey Creek,38.568717,-92.161596,25,40
Steinway Pizza,3151 Steinway St,Astoria,11103,Queens,40.7600589,-73.91814829,,
Tommy V's Osteria Pizzeria,3223 E Camelback Rd,Phoenix,85018,AZ,33.50976,-112.012284,,
Rivertowne North Shore,337 N Shore Dr,Pittsburgh,15212,Pitt,40.44582032,-80.01054704,25,40
Hungry Howie's Pizza,33901 Woodward Ave,Birmingham,48009,MI,42.53826,-83.20606,,
Michael's Cuisine,3413 W 7th St,Fort Worth,76107,TX,32.751249,-97.366614,0,30
Chicago Connection,344 W State St,Eagle,83616,ID,43.695107,-116.35804,,
Pizza Chalet,34579 Yucaipa Blvd,Yucaipa,92399,CA,34.03323689,-117.0502934,,
J & G Restaurant,35 S Main St,East Granby,6026,CT,41.940498,-72.72767,25,40
Linguine's Italian Eatery,350 Boston Post Rd W,Marlborough,1752,MA,42.33614,-71.59653,,
7 Day 24 Hours Emergency Locks,3502 Park Ave,Weehawken,7086,NJ,40.771072,-74.02265,,
It's Greek To Me,352 Anderson Ave,Cliffside Park,7010,NJ,40.818148,-73.993316,50,55
Sicilia's Pizzeria,3601 Main St,Weirton,26062,WV,40.399185,-80.59096,,
Nolita,363 Roberts St,East Hartford,6108,East Htfd,41.767954,-72.620425,0,30
La Hacienda Real,3960 Commercial St S E,Salem,,OR,44.90242601,-123.0396652,25,40
Stone and Paddle,40 West St,Vernon Rockville,6066,Rockville,41.86777253,-72.465549,,
Casey's General Store,400 W Mondamin St,Minooka,60447,IL,41.455179,-88.265847,,
Eddie's Italian Restaurant,4002 Lincoln Blvd,Marina Del Rey,90292,CA,33.990407,-118.447324,25,40
Papa Romeo's Pizza,410 Sheridan Rd,Highwood,60040,IL,42.20385,-87.80977,,
Kaydee Kats!,4109 N Prospect Rd,Peoria Heights,61616,IL,40.73677063,-89.57437134,0,25
Takka Grill,418 E Wyoming Ave,Philadelphia,19120,PA,40.02071,-75.11754,,
Casey's General Store,418 W 9th St,Mount Carmel,62863,Friendsville,38.413847,-87.770244,,
Old Chicago Pasta Pizza,4301 W 41st St,Sioux Falls,57106,SD,43.51405,-96.77765,,
The Cheesecake Factory - Thousand Oaks,442 W Hillcrest Dr,Thousand Oaks,91360,CA,34.1847928,-118.8856,0,30
Lia's,4435 Willard Ave,Chevy Chase,20815,Chevy Chs Vlg,38.961927,-77.088031,25,40
Burgers & Cupcakes,458 9th Ave,New York,10018,Nyc,40.75452836,-73.995624,25,40
Tavola,488 9th Ave,New York,10018,Nyc,40.755384,-73.99444,0,30
Maaco Collision Repair & Auto Painting,510 S Mason Rd,Katy,77450,TX,29.776645,-95.753157,,
Nonna's Pizza,52 Lake St,White Plains,10603,North White Plains,41.03797691,-73.75999849,,
Riccardo's Pizza,522 Saddle River Rd,Saddle Brook,7663,NJ,40.90908,-74.09194,,
Galaxy Restaurant Inc,5240 Cemetery Rd,Hilliard,43026,OH,40.03056,-83.15628,,
Lebel Pizza,5254 Market St,Philadelphia,19139,PA,39.959928,-75.225917,,
Jona's Pizza,544 Arthur Godfrey Rd,Miami Beach,33140,FL,25.81385,-80.130264,,
Valentino Pizza I,5536 Torresdale Ave,Philadelphia,19124,PA,40.015196,-75.064006,,
Joey Nova's Pizzeria and Grilled Subs,5655 Manitou Rd,Excelsior,55331,Deephaven,44.90125519,-93.58864255,0,25
Il Primo Pizza Wings,5781 Lee Blvd,Lehigh Acres,33971,FL,26.620066,-81.766235,,
Bodrum Turkish Mediterranean,584 Amsterdam Ave,New York,10024,Nyc,40.789205,-73.973906,0,30
Carbone's Pizzeria,5988 Osgood Ave N,Stillwater,55082,Oak Park Hts,45.03519,-92.80751,,
Gianni's Pizza & Wings,6 E Main St,Frostburg,21532,MD,39.657292,-78.927998,,
Wolfgangpuck Pizza | Bar,607 Green Valley Rd,Greensboro,27408,Guilford Courthouse National,36.08426504,-79.82945268,25,40
Sal's Italian Ristorante,6280 W Sample Rd,Pompano Beach,33067,FL,26.2728931,-80.21054362,,
Giovanni's Pizzeria,637 Wyckoff Ave,Wyckoff,7481,NJ,41.010715,-74.1728,,
Roma Bistro,655 5th Ave S,Naples,34102,FL,26.141817,-81.79815,0,30
Dobro's,658 W New York Ave Deland,Deland,32720,FL,29.02760214,-81.31568232,,
Kingston Pizza,659 W Main Rd,Middletown,2842,RI,41.520603,-71.29902,,
Vinny's New York Pizza & Grill,6590 Sugarloaf Pkwy,Duluth,30097,GA,33.99702659,-84.0932849,25,40
Drkula's 32 Bowl,6710 Cahill Ave,Inver Grove Heights,55076,South St Paul,44.852216,-93.043867,25,40
Pizza Nora,6987 Hamner Ave,Corona,92880,CA,33.96148,-117.55834,,
Johnny Brusco Pizza,700 S E Walton Blvd,Bentonville,72712,AR,36.3352232,-94.20257335,,
Jerry's Pizza,701 S Broad St,Trenton,8611,Hamilton Twp,40.20799,-74.75296,,
Frank's Pizzeria,711 N 132nd St,Omaha,68154,NE,41.266346,-96.119545,,
Giovanni's Pizza,715 Greenup Ave,Ashland,41101,Bellefonte,38.48406672,-82.648404,,
Johnny's Pizza,717 Sterlington Hwy,Farmerville,71241,LA,32.77083563,-92.39532123,,
Austin's Pizza,7301 N Fm 620,Austin,78726,TX,30.405542,-97.853065,,
Manhattan In The Desert - Palm Desert,74 225 Hwy 111,Palm Desert,92260,CA,33.720967,-116.368336,0,30
Fred's Rivertown Alehouse,1114 1st St,Snohomish,98290,Larimers Corner,47.91148517,-122.0966225,25,40
Mellow Mushroom - Kennesaw,1133 Chastain Rd N W,Kennesaw,30144,GA,34.0303513,-84.5830663,0,30
Mellow Mushroom,1167 Broad St,Augusta,30901,GA,33.47814,-81.9723,,
Romeo S Pizza,117 Broad St,Staten Island,10304,NY,40.624927,-74.079217,,
Bikram's Yoga College of India,119 W Phoenix Ave,Flagstaff,86001,AZ,35.197012,-111.651724,,
Vecchia - Wayne,134 N Wayne Ave,Wayne,19087,Saint Davids,40.045304,-75.388245,0,30
Louie's Bar Restaurant,13825 Britton Park Rd,Fishers,46038,IN,39.987186,-86.00644,,
Sea Salt,1709 E 1300 S,Salt Lake City,84108,Salt Lake Cty,40.741854,-111.841928,50,55
Little Italy Pizza Deli,180 Varick St,New York,10014,Nyc,40.7275977,-74.0051425,25,40
Bertucci's,194 Buckland Hills Dr,Manchester,6042,CT,41.80686,-72.54589,,
Thirsty Lion Gastropub & Grill – Tempe,2000 E Rio Salado Pkwy,Tempe,85281,AZ,33.43374,-111.901381,0,30
Imo's Pizza,2000 El Lago Dr,Arnold,63010,MO,38.40468,-90.38609,,
Nanuet Restaurant,211 Main St,Nanuet,10954,NY,41.08931,-74.01372,0,25
Casa Bianca Pizza,217 Campbell Ave,West Haven,6516,N Haven,41.264423,-72.94697,,
Jerry's Pizza & Subs,924 W 436,Altamonte Springs,32714,FL,28.664397,-81.420065,,
Citiline Deli 7,13430 Northwest Fwy,Houston,77040,Bammel,29.850266,-95.506883,0,25
Famous Pizza of West Warwick,1738 Main St,West Warwick,2893,RI,41.68287,-71.52502,,
Penn State Sub Shop #3,1788 N Atherton St,State College,16803,PA,40.80853025,-77.90099013,0,25
Angela's Pizza,192 Islip Ave,Islip,11751,Islip Manor,40.737167,-73.20800486,,
Eleni's Restaurant,2136 Middle Country Rd,Centereach,11720,NY,40.858307,-73.08756,0,25
Pino's On Main Pizza,2511 N Main St,Rockford,61103,IL,42.29963,-89.07714,,
Fazoli's,1730 E Highland Dr,Jonesboro,72401,AR,35.82161,-90.68704,,
Mama Mia's - Hollywood,1818 S Young Cir,Hollywood,33020,FL,26.010374,-80.14375,0,30
Pizza Chef,1904 N Division St,Davenport,52804,IA,41.53828,-90.60105,,
Deangelo's,2620 E Third St,Bloomington,47401,IN,39.164175,-86.499324,0,30
Baba Louie's,286 Main St,Great Barrington,1230,N Egremont,42.19469,-73.362096,,
Firestone's,105 N Market St,Frederick,21701,MD,39.415945,-77.410767,31,50
Saltwater Cafe,1071 Tamiami Trl N,Nokomis,34275,FL,27.138311,-82.45822,0,30
Villa Enrico,11 01 43rd Ave,Long Island City,11101,Queens,40.752052,-73.947544,31,50
L'allegria Restaurant,11 Prospect St,Madison,7940,NJ,40.75700689,-74.41375476,50,55
Chester's Kitchen & Bar,111 S Broadway,Rochester,55904,MN,44.022108,-92.463289,25,40
Izakaya Bincho,112 Internatl Boardwalk,Redondo Beach,90277,CA,33.8315,-118.385,,
Terramia Ristorante,1150 Douglas Ave,Altamonte Springs,32714,FL,28.68731,-81.391533,0,30
Toscana,11633 San Vicente Blvd,Los Angeles,90049,Brentwood,34.054242,-118.46324,,
Glutenfree Things,11651 W 64th Ave,Arvada,80004,CO,39.812937,-105.129404,,
Aj's Pizza,12 Main St,Butler,7405,Fayson Lakes,41.00364925,-74.33517983,,
Bulls Head Inn,120 Sarah Wells Trl,Campbell Hall,10916,NY,41.4458,-74.23132,50,55
Cici's Pizza,1202 Kingwood Dr,Kingwood,77339,TX,30.04884,-95.23827,,
Foodies,121 Firefighters Memorial Dr,Fort Montgomery,10922,NY,41.32389,-73.98722,,
Jake's Italian Bistro & Brew,12170 4th St,Yucaipa,92399,CA,34.03250722,-117.052255,0,25
Baldinelli Pizza,12326 W 143rd St,Homer Glen,60491,IL,41.62928,-87.91965,,
Zimorino's Red Pies Over Montana,1250 W Broadway St,Missoula,59802,MT,46.877681,-114.012118,,
Cafe Taylor,126 S Main St,Lancaster,29720,SC,34.71916,-80.77014,,
Delosa's Pizza,12800 Village Blvd,Saint Petersburg,33708,North Redington Beach,27.78536085,-82.78193541,0,25
Georgio's Oven Fresh Pizza Co,1282 Som Center Rd,Cleveland,44124,Mayfield Hts,41.52520328,-81.43901189,,
Caffe Il Cipresso,130 Middlesex Rd,Tyngsboro,1879,MA,42.66609882,-71.41250475,50,55
Big Daddy's Pizza,1300 N Charlotte St,Pottstown,19464,PA,40.26540832,-75.62675398,,
Oh' Brian's on the Green,1300 Raritan Rd,Clark,7066,NJ,40.633867,-74.309443,0,30
Eduardo's,1304 N Highway 81,Duncan,73533,OK,34.519794,-97.96685,,
Mi Amore Pizza & Pasta,1321 N H St,Lompoc,93436,CA,34.660363,-120.459135,,
Briatore,13238 N E 20th St,Bellevue,98005,WA,47.628066,-122.157675,25,40
American Pie,13440 22 Mile Rd,Utica,48315,MI,42.65518344,-82.99560353,,
Medway Village Pizza,135 Village St,Medway,2053,MA,42.140137,-71.39677,,
Paesano's Pizza,1370 Dixwell Ave,Hamden,6514,CT,41.35037,-72.93177,,
Sluggers Sports Bar,14 E 10th St,Erie,16501,PA,42.12574064,-80.08198836,0,25
Gina Maria's Pizza,1400 County Road 101 N,Minneapolis,55447,MN,44.99395,-93.50191,,
Park West Diner Cafe,1400 Us Highway 46,Little Falls,7424,Great Notch,40.88429673,-74.21228361,25,40
Nostrana,1401 S E Morrison,Portland,97214,OR,45.517694,-122.651122,31,50
Jean Kay's Pasties & Subs,1635 Presque Isle Ave,Marquette,49855,MI,46.56016543,-87.39631,0,25
Paris Cafe,16607 Champion Way,Sandy,97055,OR,45.40385,-122.29588,25,40
Lunello's Montville Inn,167 Rte 202,Montville,7045,Montville Township,40.915166,-74.378649,,
Satsuma,1707 Delaware Ave,Wilmington,19806,DE,39.7583638,-75.5626631,0,30
Sonny's Delite,1730 Essington Rd,Joliet,60435,Cresthill,41.553273,-88.161248,0,25
Cafe Zucchero,1731 India St,San Diego,92101,CA,32.7235,-117.1682,25,40
Russo's Pizza,1760 44th St S W,Wyoming,49519,MI,42.88401467,-85.70610523,,
Fiamma Wood Fire Tavern,18 Clark Pl,Mahopac,10541,Lake Mahopac,41.371136,-73.73884,,
Zi's Pizza,1809 1 W Anderson Ln,Austin,78757,TX,30.353264,-97.725494,,
Tomato & Basil,1876 Black Rock Tpke,Fairfield,6825,CT,41.18031,-73.247734,,
Salerno's Pizza Restaurant,19 Kelly St,Luzerne,18709,PA,41.285007,-75.898346,,
Pizza Time,190 Moser Rd,Pottstown,19464,PA,40.23905,-75.62148,,
Nordstrom The Plaza At King of Prussia,190 N Gulph Rd,King Of Prussia,19406,PA,40.085681,-75.39239,,
Casino's Pizza,190 N Swift Rd,Addison,60101,IL,41.9317,-88.0421,,
Clavio's Eatery,1908 5th Ave,River Grove,60171,IL,41.913864,-87.84048,,
Ken Stewart's Grille,1970 W Market St,Akron,44313,OH,41.113334,-81.578683,31,50
The Melting Pot - Boise,200 N 6th St,Boise,83702,ID,43.61531,-116.199778,31,50
Francesca's By The River,200 S Second St,Saint Charles,60174,Valley View,41.911618,-88.315056,0,30
Copeland's Cheescake Bistro,2001 Saint Charles Ave,New Orleans,70130,LA,29.93543034,-90.07900715,25,40
Ogle's Brick Oven Pizza,201 Oglewood Ln,Gatlinburg,37738,TN,35.72038292,-83.4984109,,
Susie's Pizza Inc,203 S Sandusky Ave,Upper Sandusky,43351,OH,40.8256,-83.2813,,
Dancing Marlin,20590 S Lagrange Rd,Frankfort,60423,IL,41.51762,-87.852638,0,30
Bagel Street Cafe,208 Northgate One,San Rafael,94903,Santa Venetia,38.00764,-122.5459,0,25
Two Mamas Gourmet,211 N Cortez,Prescott,86301,AZ,34.544838,-112.4684639,,
The Melting Pot - Albuquerque,2201 Uptown Loop N E,Albuquerque,87110,NM,35.102334,-106.565335,31,50
Terrace Bagel,222 And 222a Prospect W,Brooklyn,11215,NY,40.66001973,-73.980779,0,25
Zoës Kitchen,222 W Campbell Rd,Richardson,75080,TX,32.975947,-96.720418,25,40
The Melting Pot - St Petersburg,2221 4th St N,Saint Petersburg,33704,FL,27.79232,-82.638387,31,50
Pasquale's,224 Harper Park Dr,Beckley,25801,WV,37.79259,-81.21916,25,40
Prince Pizza,22507 Plymouth Rd,Redford,48239,MI,42.37159,-83.26215,,
The Dining Room @ The Woodlands Resort,2301 Milbend,Spring,77380,TX,30.1481689,-95.4735434,0,30
Chi Chi's Pizza,23043 Soledad Canyon Rd,Santa Clarita,91350,Bouquet Canyon,34.42304931,-118.5399163,25,40
Baratta's,2320 S Union St,Des Moines,50315,IA,41.56511447,-93.6164546,25,40
Pepe Rosso 24,24 Manorhaven Blvd,Port Washington,11050,Baxter Estates,40.84218532,-73.70950493,25,40
The Marina,2404 Sunnyside Dr,Cadillac,49601,MI,44.232479,-85.448498,,
Mama Pepino's Pizza,2417 Oneil Blvd,Mckeesport,15131,PA,40.351893,-79.82724,,
Freshii,2420 Columbia House Blvd,Vancouver,98661,WA,45.618797,-122.64629,,
The Melting Pot - Westwood,250 Center Ave,Westwood,7675,Rivervale,40.9921,-74.0316,31,50
Cart-driver,2500 Larimer St,Denver,80205,CO,39.75756739,-104.9861111,25,40
Tiffany's Pizza,25066 Telegraph Rd,Flat Rock,48134,Brownstown Twp,42.12325,-83.27602,,
Giadas Italian Cucina,2540 Anthem Village Dr,Henderson,89052,NV,35.979954,-115.098785,50,55
Minervas,257 Main St,Wareham,2571,MA,41.75920526,-70.71649555,,
The British Beer Company,263 Grand Ave,Falmouth,2540,MA,41.54532139,-70.59689987,25,40
C19,267 S 19th St,Philadelphia,19103,Phila,39.948228,-75.172549,0,30
Dewolf Tavern,267 Thames St,Bristol,2809,RI,41.6704999,-71.2782374,31,50
Visconti's Ristorante,2700 E Bidwell St,Folsom,95630,Mormon Island,38.65681171,-121.1253405,25,40
Weissgerber's Gasthaus,2720 N Grandview Blvd,Waukesha,53188,WI,43.037682,-88.256124,0,30
Tea For Two Lite,2811 Nostrand Ave,Brooklyn,11229,NY,40.61569,-73.944496,,
The Loophole,2817 Maybank Hwy,Johns Island,29455,Seabrook Island,32.74283012,-80.03881369,,
Saute,2844 Hudson St,Baltimore,21224,MD,39.28234924,-76.57568604,25,40
Dioli's Italian Market,2898 Reynolda Rd,Winston Salem,27106,Oldtown,36.144259,-80.300566,,
Brothers 2,2901 Watson Blvd,Endicott,13760,Crestview Heights,42.11067,-76.02803,25,40
USA Doors Gates Svc,295 Mare Island Way,Vallejo,94590,CA,38.1012,-122.2639,25,40
Massey's Pizza,2970 Sullivant Ave,Columbus,43204,Valleyview,39.9435,-83.07793,,
Tastee Corner,30 20 30th Ave,Astoria,11102,Queens,40.76688552,-73.92162949,0,25
The Melting Pot - White Plains,30 Mamaroneck Ave,White Plains,10601,NY,41.031888,-73.766497,31,50
Pizza Time,30 Metacom Dr,Simsbury,6070,CT,41.88858,-72.775314,,
John's of 12th Street,302 E 12th St,New York,10003,Manhattan,40.7306862,-73.9854965,25,40
Soulshine Pizza Factory,308 S Lamar Blvd,Oxford,38655,MS,34.365494,-89.51891,,
Fazoli's,315 S College Mall Rd,Bloomington,47401,IN,39.16349566,-86.497757,0,25
Mo's Pub Eatery,317 2nd St,Langley,98260,WA,48.03972,-122.41025,,
Moonlight Cafe,4140 Carlisle Rd,Dover,17315,Davidsburg,39.996444,-76.8451799,0,30
Harper's Sandwiches Such,4390 Summit Bridge Rd,Middletown,19709,DE,39.515034,-75.7123,,
California Pizza Kitchen - Nyc,440 Park Ave S,New York,10016,Nyc,40.744049,-73.983838,25,40
Laveranda Ristorante Italiano,444 Railroad Ave,Pittsburg,94565,West Pittsburg,38.03224332,-121.8839358,25,40
Minnetonka Drive In,4658 Shoreline Dr,Spring Park,55384,MN,44.9367192,-93.64211798,0,25
Nick's Pizzeria,47 S Main St,Williamstown,8094,Collings Lakes,39.68589,-74.99495,,
Roadhouse Cafe,478 South St,Hyannis,2601,MA,41.64827787,-70.29134463,,
Dennisport House of Pizza,481 Main St,Dennis Port,2639,MA,41.66548,-70.13004,,
Kennebunk House Of Pizza,5 York St,Kennebunk,4043,ME,43.38404,-70.54453,,
Manor House Restaurant,500 Main St,Blowing Rock,28605,Bamboo,36.1325969,-81.6754141,25,40
Mattress Factory Museum,500 Sampsonia Way,Pittsburgh,15212,Pitt,40.4571477,-80.012187,,
The Melting Pot - Myrtle Beach,5001 N Kings Hwy,Myrtle Beach,29577,SC,33.724326,-78.845855,31,50
Kefi,505 Columbus Ave,New York,10024,Nyc,40.785247,-73.972665,25,40
Pepperoni Express,506 Boston Tpke,Shrewsbury,1545,MA,42.276581,-71.718595,,
Barn Board Grill,517 Cherry Ln,Roberts,54023,WI,44.97764403,-92.55706353,0,25
T.j.'s Hero Shop,524 Mastic Rd,Mastic Beach,11951,Village Of Mastic Beach,40.78184351,-72.84762752,0,25
Vigilucci's Trattoria Italiana,530 N Coast Hwy 101,Encinitas,92024,Olivenhain,33.058706,-117.299861,0,30
La Fresca Pizza,5300 N Braeswood Blvd,Houston,77096,TX,29.67904,-95.47744,0,25
Pizza Masters,532 Broadway,Bayonne,7002,Pamrapo,40.66503492,-74.11728323,,
New York Pizzeria,5320 Highway 6,Missouri City,77459,TX,29.574793,-95.57549,,
Zpizza,5365 Alton Pkwy,Irvine,92604,CA,33.6713,-117.789,,
Cesco's Pizza,538 State Route 94 S,Newton,7860,Fredon Twp,41.0191605,-74.83715101,,
Pizza City,7408 Windsor Mill Rd,Windsor Mill,21244,MD,39.34125,-76.76138,,
Good Company Bar,7625 N Union Blvd,Colorado Springs,80920,Colorado Spgs,38.94356982,-104.7741287,25,40
Calabria Restaurant,80 S Main St,New City,10956,NY,41.144833,-73.9899,,
Greek's Pizzeria,8028 S Emerson Ave,Indianapolis,46237,IN,39.64946776,-86.08348131,,
Fresh Pizzeria,807 Rockville Pike,Rockville,20852,No Bethesda,39.07604301,-77.13852882,,
Milt's Pizza Place Llc,8122 Guide Meridian Rd,Lynden,98264,WA,48.936131,-122.4822271,,
Escape From New York Pizza,831 Middlefield Rd,Redwood City,94063,CA,37.48606,-122.22911,0,25
Tony's Mexican Grill,8699 Ogden Ave,Lyons,60534,IL,41.81621222,-87.83800252,,
The Cheesecake Factory,8701 Keystone Xing,Indianapolis,46240,Williams Crk,39.760594,-86.121101,25,40
Sabatino's Pizza,873 N 26th St,Philadelphia,19130,PA,39.97219,-75.17922,,
Stella Notte,8809 Baltimore National Pike,Ellicott City,21043,Oella,39.27898,-76.81683,,
Leon's Italian Bistro & Pizza,8890 Porter Rd,Niagara Falls,14304,Wheatfield,43.10204,-78.96175,25,40
Greek Grill,90 Summit Ave,Summit,7901,NJ,40.71758,-74.35624,,
Daddy's Pizza,902 13th St,Saint Cloud,34769,FL,28.24601,-81.27924,,
Lola's Bowl and Bistro,9045 Crawfordsville Rd,Indianapolis,46234,IN,39.815704,-86.32256,0,30
Sal Vito Pizza,910 Haddonfield Berlin Rd,Voorhees,8043,Echelon,39.845936,-74.97344,,
Romio's Pizza & Pasta - Downtown,927 Howell St,Seattle,98101,WA,47.615299,-122.332345,0,30
Strano! Sicilian Kitchen & Bar,948 S Cooper St,Memphis,38104,Mphs,35.119804,-89.991034,0,30
Uno Pizzeria & Grill,95 Mall Rd Burlington Mall Nordstrom Entrance,Burlington,1803,MA,42.4856233,-71.2118857,0,30
Bravo Cucina Italiana - Whitehall - Lehigh Valley,950 Lehigh Valley Mall,Whitehall,18052,PA,40.629789,-75.482768,0,30
Good Fella's Pizza,9641 Olio Rd,Mc Cordsville,46055,Woodbury,39.92836556,-85.91853619,0,25
Wick's Pizza,9700 Bluegrass Pkwy,Louisville,40299,KY,38.22139178,-85.57727337,,
Milanos Pizza,9822 Libra Ave,Sacramento,95827,CA,38.562374,-121.328061,,
Louie's Famous Pizza,988 Bedford St,Abington,2351,MA,42.131256,-70.95031321,,
Sopranos Italian Market,Cayuta Ave,Waverly,14892,NY,42.00856491,-76.52728996,25,40
Tutti Gusti,Harrisonburg Va,Harrisonburg,22801,VA,38.43024153,-78.87654,0,25
Ak Diamonds,Old South Rd,Nantucket,,MA,41.2613837,-70.06417984,50,55
Atlantic City Country Club - Taproom Bar & Grille,One Leo Fraser Dr,Northfield,8225,NJ,39.370394,-74.550154,0,30
Il Lupino,2233 B 180a Kalakaua Ave,Honolulu,96815,Hono,21.279272,-157.829139,31,50
Mainland Grille,2250 Rittenhouse Rd,Harleysville,19438,PA,40.2485,-75.361652,0,30
Marco's Pizza,23657 Lorain Rd,N Olmsted,44070-2222,OH,41.432343,-81.88388,,
Marco's Pizza,244 N Court St,Medina,44256,OH,41.141853,-81.863525,,
River House Bar & Grill,2495 Harrisburg Pike,Middletown,17057,Hbg Inter Airp,40.192983,-76.691898,0,30
Bravo Cucina Italiana - Willow Grove,2500 Moreland Rd,Willow Grove,19090,PA,40.140363,-75.123215,0,30
I.talia,2505 4th Ave W,Olympia,98502,WA,47.04343652,-122.9336718,25,40
Zone Action Park,2600 W Expressway 83,Mcallen,78501,TX,26.19358,-98.251973,,
Little Nick's New York Pizzeria,2815 N Loop 1604 E,San Antonio,78232,Hollywood Park,29.602133,-98.443596,,
Cafe Europa,30 Bank St,Waterbury,06702-2220,CT,41.55543,-73.04088,,
Culina,300 S Doheny Dr,Los Angeles,90048,Bicentennial,34.073552,-118.38953,0,30
Cruise Shop,317 S Main St,Grapevine,76051,TX,32.938723,-97.078219,,
Buck's Pizza,3295 Bel Air Mall,Mobile,36606,AL,30.67477,-88.122314,,
Zeiderelli's Pizza,33 E Simpson St,Mechanicsburg,17055,Brandtsville,40.21194093,-77.00547516,,
Macy's Place Pizzeria,3348 Genesee St,Buffalo,14225,NY,42.92585313,-78.76125455,,
Nick's Pizza,10500 10534 S Ridgeland Ave,Chicago Ridge,60415,IL,41.70129061,-87.77907887,,
Capitol City Brewing Company - Downtown,1100 New York Ave N W,Washington,20005,DC,38.900907,-77.027392,0,30
Joey's N Y Pizza,11165 S Eastern Ave,Henderson,89052,NV,35.98879,-115.101074,,
Dale Street Bistro Cafe,115 E Dale St,Colorado Springs,80903,Co Spgs,38.845066,-104.822204,25,40
Bellacino's Pizza & Grinders,1176 Roanoke Rd,Daleville,24083,VA,37.40180208,-79.91159872,0,25
California Pizza Kitchen,11800 W Broad St,Henrico,23233,VA,37.65667639,-77.61892303,25,40
Pizza Time,1223 Washington Ave,Portland,4103,ME,43.69505,-70.28393,,
Franky's,1250 W Lake St,Addison,60101,IL,41.94476156,-88.01763178,0,25
Serafina Harlem,1260 Amsterdam Ave,New York,10027,Manhattanville,40.810938,-73.958506,50,55
Francesca's On Chestnut,200 E Chestnut St,Chicago,60611,Ontario Street,41.89854289,-87.6219955,25,40
Bosses Pizza - Keller,201 N Main St,Keller,76248,TX,32.93635265,-97.25380991,,
Casey's Carry Out Pizza,217 6th Ave,Grinnell,50112,IA,41.746176,-92.7344,,
Bellacino's Grinders & Pizza,2320 Tiffin Ave,Findlay,45840,OH,41.05692963,-83.59660295,,
Pasta Loft,241 Union Sq,Milford,3055,NH,42.83517,-71.649864,25,40
Unwined,262 Swansea Mall Dr,Swansea,2777,MA,41.75459428,-71.217035,25,40
Yogurt Zone,2771 E Broad St,Mansfield,76063,TX,32.570076,-97.09477,,
The Pizza Parlor,2810 Business Center Dr,Pearland,77584,TX,29.556607,-95.39258415,25,40
Tony's of North Beach,288 Golf Course Dr W,Rohnert Park,94928,CA,38.36061268,-122.7223037,25,40
Cafe Pesto - Kawaihae Harbor,3665 Kawaihae Shopping Center / 61 Hi 270,Kamuela,96743,HI,20.02133,-155.673964,0,30
Town Pub,378 Broad St,Bloomfield,7003,Grove,40.806263,-74.192924,25,40
Ciminos,421 Challenge St,Freeport,61032,IL,42.28076975,-89.61002827,25,40
Giovanni's Pizza and Pasta,431 E Us Hwy 22 Bishop's Plz,Whitehouse Station,8889,NJ,40.62511812,-74.77101437,25,40
Campion's Pizza,465 Buckland Rd,South Windsor,6074,Wapping,41.823402,-72.55363228,,
Caseys Carry Out Pizza,487 S Business Route 5,Camdenton,65020,MO,38.015007,-92.75593,,
Fox's Pizza Den,4921 State Road 26 E,Lafayette,47905,IN,40.41754,-86.81142,,
Cinema Cafe Restaurant,505 3rd Ave,New York,10016,Nyc,40.74552159,-73.97801757,25,40
Marzanos,6 School St,Peterborough,3458,NH,42.876728,-71.950645,,
Billy's Red Room,60 Parsippany Rd,Whippany,7981,NJ,40.82343,-74.41798,,
Roula's Pizza,6200 Germantown Ave,Philadelphia,19144,PA,40.04212,-75.17998,,
Custom Pie,6593 Collins Dr,Moorpark,93021,CA,34.29484636,-118.8437469,,
Gracie See,6889 Greenfield Rd,Detroit,48228,MI,42.34257461,-83.19669271,,
Marcello's Pizza,691 S Main St,Corona,92882,CA,33.874763,-117.56699,,
Jandro's,703 Mckinney Ave,Dallas,75201,TX,32.7836462,-96.80969021,,
Bronson Strike Zone,717 E Chicago St,Bronson,49028,MI,41.87371,-85.186226,,
The Boarding House,720 N Wls,Chicago,60654,IL,41.89544,-87.634297,31,50
Roosters Brewing Co,748 Heritage Park Blvd,Layton,84041,UT,41.08348222,-111.97913,,
Taphouse 15,75 State Route 15,Wharton,7885,NJ,40.930761,-74.590374,0,30
Famous Famiglia,757 Broadway,New York,10003,Manhattan,40.73056417,-73.99272767,,
Cove Pizza,864 Cove Rd,Stamford,6902,CT,41.048939,-73.509254,0,25
Pane E Vino,8900 E Pinnacle Peak Rd,Scottsdale,85255,AZ,33.698406,-111.88866,25,40
Centerville Pizza & Bbq,9470 Dayton Lebanon Pike,Dayton,45458,Washington Township,39.607085,-84.160682,,
The Perfect Pizza Company,9774 Zimbro Ave,Manassas,20110,VA,38.753685,-77.491615,,
The 10th,Mid Vail Area On Vail Mtn,Vail,81657,West Vail,39.640263,-106.374195,50,55
Fresco,Rainbow Bazaar Hilton Hawaiian Vlg,Honolulu,96815,Hono,21.28290985,-157.8374614,,
Life Is Good Store,Thames St,Newport,2840,RI,41.48882,-71.3152813,,
Holsteins - The Cosmopolitan of Las Vegas,3708 Las Vegas Blvd S,Las Vegas,89109,NV,36.109216,-115.173221,0,30
Italian Pizza & Subs,3711 Peppermill Dr N,Wilson,27896,NC,35.7698516,-77.93824983,25,40
Brannon's Pub and Brewery,3800 S W Cedar Hills Blvd D,Beaverton,97005,OR,45.491788,-122.809306,0,30
Papa John's Pizza,400 Us 130,E Windsor,,NJ,40.274178,-74.538439,0,25
The Firehouse,42 Plauderville Ave,Garfield,7026,Ritz,40.885036,-74.109283,25,40
Brendan's Bar & Grill,42 W 35th St,New York,10001,G P O,40.7498516,-73.9862152,50,55
Grant Street Pizza & Subs (reported��closed),4310 Vance Jackson Rd,San Antonio,78230,TX,29.512938,-98.53514,,
Bella Via,4746 Vernon Blvd,Long Island City,11101,Queens,40.74425041,-73.95362487,25,40
Tony Roni's Pizza Drexel Hill,4911 Township Line Rd,Drexel Hill,19026,Drexelbrook,39.9551422,-75.32272687,,
Phở Lê Hòa Phat,508 Contra Costa Blvd,Pleasant Hill,94523,CA,37.98110247,-122.0681174,0,25
Patrick Molloy's Sports Pub,50a,Hermosa Beach,90254,CA,33.862,-118.400769,25,40
Simmzy's,5271 E 2nd St,Long Beach,90803,Naples,33.7597789,-118.1332106,0,30
Frisch's,5301 Grove Rd,Pittsburgh,15236,West Mifflin,40.35805609,-80.00173351,50,55
Passero's Pizza,5328 Main Saint (rt 53),Lisle,60532,IL,41.788221,-88.07471538,,
Pizza Hut,551 E Laburnum Ave,Richmond,23222,VA,37.5856,-77.424484,0,25
Broad Street Cafe,562 Broad St,Newark,7102,Midtown,40.74180603,-74.16905811,0,25
Jimmys Slice,586 E Main St,Ventura,93001,La Conchita,34.280857,-119.29176,,
Mr T's Pizza,594 N Pinecrest Rd,Bolingbrook,60440,IL,41.717476,-88.050285,,
Laroma Pizzeria & Resturant,600 Floyd Ave,Rome,13440,Camroden,43.21458662,-75.44679613,25,40
Papa John's Pizza,610 Wesley Dr,Charleston,29407,Saint Andrews,32.7811,-79.973,,
Paisans Pizza - Berwyn,6226 W Ogden,Berwyn,60402,IL,41.831861,-87.779364,0,30
Clara's,6550 Lincoln Ave,Woodridge,60517,IL,41.76603036,-88.06817651,50,55
Slugger's Pizzeria,701 N Queen St,Lancaster,17603,Manor Ridge,40.04895294,-76.30762831,0,25
Papa Dino's,718 Culbertson Dr,Oklahoma City,73105,OK,35.48628117,-97.49983419,,
Anya's Pizza,7270 Victoria Park Ln,Rancho Cucamonga,91739,CA,34.121605,-117.530045,,
Mario's Pizza,1066 Hanes Mall Blvd,Winston Salem,27103,Hanes,36.06917764,-80.32186568,,
Joe's New York Pizza Pasta,1070 Palm Coast Pkwy Nw,Palm Coast,32137,FL,29.553562,-81.22315,,
Gluten Free Creations,10880 N 32nd St,Phoenix,85028,AZ,33.585795,-112.013289,25,40
California Pizza Kitchen,109 W County Ctr,Saint Louis,63131,Country Life Acres,38.60194477,-90.44655146,25,40
Wolfgang Puck Bar & Grill - Summerlin,10955 Oval Park Dr,Las Vegas,89135,NV,36.126289,-115.326772,0,30
Speak Easy,1100 N Shore Dr,Detroit Lakes,56501,MN,46.80666899,-95.81953526,25,40
Nobody's Sports Grill and Bbq,116 John R Rice Blvd,Murfreesboro,37129,Murfreesbr,35.84764,-86.44008,,
Walnut Grille,1203 Walnut St,Newton Highlands,2461,MA,42.320827,-71.205376,0,30
Boonies Sports Bar,122 Diamond St,Titusville,16354,PA,41.6267,-79.6726,,
Papa John's Pizza,1233 Sage Dr,Cedar City,84720,UT,37.655968,-113.08464,0,25
T-bar Steak & Lounge (upper East Side),1278 3rd Ave,New York,10028,Nyc,40.771,-73.96,31,50
Papa Joe's Pizza,1294 Chalkstone Ave,Providence,2908,RI,41.83253,-71.45175,,
Mackenzie River Pizza Co.,137 W,Missoula,59802,MT,46.870286,-113.99645,25,40
Oliveri's Pizzeria,14 Lebanon St,Hamilton,13346,Randallsville,42.82664,-75.54542,,
Papa John's Pizza,1407 E Main St,Cherryville,28021,NC,35.3848068,-81.361131,0,25
Two Brothers Deli,1424 Miner St,Idaho Springs,,CO,39.741819,-105.5175394,0,25
Adriatico Pizza,1424 Morris Ave,Union,7083,Townley,40.689149,-74.246889,,
Mario's - Staten Island,1657 Richmond Rd,Staten Island,10304,NY,40.589589,-74.101477,31,50
Jet's Pizza,16852 21 Mile Rd,Macomb,48044,Macomb Twp,42.64190628,-82.95409676,,
J. Willys Public House and Eatery,1717 Willamette Falls Dr,West Linn,97068,Wankers Corners,45.343731,-122.656528,,
Tavern At The Inn,200 E Main Cross St,Findlay,45840,OH,41.03949,-83.64813,,
Joey's Northside Pizzeria,200 Oak Hill Ave,Endicott,13760,Crestview Heights,42.11106379,-76.0501152,,
Ellden's Grill & Banquet - River Oaks Golf Club,201 Whitehaven Rd,Grand Island,14072,NY,43.023,-78.898651,0,30
Andrea's Pizza,2014 Boston St S E,Grand Rapids,49506,Cascade,42.93437,-85.6188,,
Ragtime Cafe,2080 Valleydale Rd,Birmingham,35244,Riverchase,33.35131,-86.78414,25,40
Andy's Pizza Subs,22118 West Rd,Trenton,48183,Brownstown Twp,42.138386,-83.24838,,
Papa John's Pizza,2241 Westchester Ave,Bronx,10462,NY,40.83455357,-73.85072663,0,25
Fire Works - Arlington,2350 Clarendon Blvd,Arlington,22201,VA,38.889379,-77.086835,0,30
Ruscello - Nordstrom Mayfair,2424 N Mayfair Rd,Milwaukee,53226,WI,43.061791,-88.047551,0,30
Mama's Cafe Baci,260 Mountain Ave,Hackettstown,7840,NJ,40.837829,-74.823588,,
Little Caesars Pizza,2619 Red Bluff Kroger Jct,Pasadena,77506,TX,29.716011,-95.200573,,
Buon Cibo,2631 Mcingvale Rd,Hernando,38632,MS,34.822393,-89.973027,0,25
Bagels & Brew,26601 Aliso Creek Rd,Aliso Viejo,92656,CA,33.57563,-117.72453,25,40
Papa John's Pizza,275 N Morton St,Franklin,46131,Bengal,39.48296,-86.06386,,
Bella Piazza,286 Us Highway 46,Fairfield,7004,NJ,40.877805,-74.297056,50,55
Galaxy Diner,293 Saint Georges Ave,Rahway,7065,NJ,40.595734,-74.29025,25,40
Interurban,300 E Grand Ave,Chickasha,73018,OK,35.02899335,-97.93078473,25,40
Planet Pizza,3000 Custer Rd,Plano,75075,TX,33.03881453,-96.73252514,,
Cellar Restaurant,302 N Main St,Blacksburg,24060,VA,37.23098,-80.4148,,
Starbucks Coffee,3100 Lakeville Hwy,Petaluma,94954,CA,38.23448,-122.595933,0,25
Fricker's Richmond,3237 Chester Blvd,Richmond,47374,East Haven,39.87392203,-84.88777186,25,40
Caf������ Milano,3251 Prospect St N W,Washington,20007,DC,38.906107,-77.064223,31,50
Francesco Pizzeria and Ristorante,340 W Broad St,Burlington,8016,Burlngtn City,40.075024,-74.865974,,
California Pizza Kitchen,3401 Esperanza Xing,Austin,78758,TX,30.40052,-97.72676,25,40
Blondie's Firehouse Pub,3435 S Inca St,Englewood,80110,Cherry Hl Vlg,39.65458474,-104.9982471,25,40
U Pick 6 Beer Store,7520 Peach St,Erie,16509,PA,42.05178612,-80.085354,,
Nacho Mamma's,76 State St,Bristol,2809,RI,41.670273,-71.27601,0,25
Besa's Pizza,7602 N Jupiter Rd,Garland,75044,TX,32.9845125,-96.68180128,25,40
Cottage Inn Pizza,7840 Wyoming St,Dearborn,48126,MI,42.35040491,-83.15706662,,
Mike's Pizza And Pasta,803 Spartanburg Hwy,Hendersonville,28792,NC,35.30649,-82.45261,,
Papa John's Pizza,8251 W Union Hills Dr,Glendale,85308,AZ,33.65271,-112.23447,0,25
J. Peppers Southern Grille,841 Old Winston Rd,Kernersville,27284,Matthewstown,36.11223333,-80.09080399,0,25
Uncle Al's Pizza Parlours,8707 W Ridge Rd,Elyria,44035,Sheffield Village,41.36474,-82.159164,,
Barraco's Pizza,8915 159th St,Tinley Park,60487,IL,41.601646,-87.83605,,
Barrels,9 S Granville Ave,Margate City,8402,Margate,39.32896703,-74.49943364,25,40
The Hil,9110 Selborne Ln,Palmetto,30268,GA,33.5246915,-84.7358228,0,30
Bamboo Restaurant,10835 Venice Blvd,Los Angeles,90034,CA,34.017106,-118.410224,25,40
San Biagio's Pizza,1263 7th St,Upland,,CA,34.08911799,-117.6719276,0,25
Rossini Di Lucca,1280 E Dundee Rd,Palatine,60074,IL,42.1393,-88.0132,,
Marco's Pizza,1301 Williston Rd,South Burlington,5403,Queen City,44.466965,-73.171585,25,40
Pizza Inn,1352 E Broad Ave/hwy 74 E,Rockingham,28379,NC,34.9206365,-79.74904842,,
Seco,140 S Lake Ave,Pasadena,91101,CA,34.1434,-118.1323,0,30
Casey's General Store,1402 S 12th Ave,Marshalltown,50158,IA,42.031575,-92.89331,,
Piara Pizza,1664 Indian Hill Blvd,Pomona,91767,CA,34.075314,-117.719186,,
Suraya's - Grill and Fried Chicken,1665 Stelton Rd,Piscataway,8854,NJ,40.5337146,-74.41911221,25,40
Geno's Deli,1751 Scottsville Rd,Bowling Green,42104,KY,36.96640602,-86.434292,0,25
Casey's General Store,1822 N Lincoln Ave,York,68467,NE,40.8789,-97.5924,,
Casey's General Store,2017 Fox Creek Rd,Bloomington,61701,Bloomington Heights,40.450559,-89.015599,,
Casey's General Store,2243 N Cotner Blvd,Lincoln,68505,NE,40.834675,-96.630843,,
Fat Belly's On Main,241 Main St,East Greenwich,2818,RI,41.660583,-71.449974,,
Sicilian Style Pizza Pie,2415 Mission St,Santa Cruz,95060,Paradise Park,36.960727,-122.048748,,
Bravo Cucina Italiana - Rochester Hills,286 N Adams Rd,Rochester,48309,MI,42.683858,-83.193204,0,30
Bellini's Pizza & Grill,2918 N Herritage St,Kinston,28501,NC,35.29308927,-77.58469025,,
Bertucci's,2929 Berlin Tpke,Newington,6111,Htfd,41.66892,-72.71902,,
Roper's Reagle Beagle,3045 Godfrey Rd,Godfrey,62035,IL,38.93138028,-90.19108057,,
Pizza Inn,3332 Airport Blvd N W,Wilson,27896,NC,35.759628,-77.952833,,
Marcos Pizza,3910 Schofield Ave,Schofield,54476,WI,44.9,-89.57,,
Francesco's Ristorante & Pizzeria,400 S Orlando Ave,Maitland,32751,FL,28.624522,-81.363427,0,30
Hotel Fiesole - Bella Rossa,4046 Skippack Pike,Skippack,19474,PA,40.224075,-75.40131,,
AquaTerra Grille,420 N Middletown Rd,Pearl River,10965,NY,41.07429,-74.01288,50,55
Greco's,45 Washington Ave,Wheeling,26003,Mozart,40.07127,-80.68502,,
Seasons Pizza,450 Marlton Pike E,Cherry Hill,8034,Cherry Hill Township,39.912117,-75.00036,,
Twisted Olive Cafe,319 Bay St,Petoskey,49770,MI,45.376104,-84.956353,,
Puerto Vallarta Mexican Restaurant,3207 N Pleasantburg Dr,Greenville,29609,SC,34.889225,-82.39943,,
Gamberetti's Italian Restaurant,325 High St S E,Salem,97301,OR,44.93730731,-123.0389046,25,40
Uncle John's Pizza,3480 S Carrier Pkwy,Grand Prairie,75052,TX,32.685459,-97.012459,,
Doubledave's Pizza Works,3505 A Longmire Dr,College Station,77845,TX,30.582817,-96.28639,0,25
Uncle Buck's BBQ,361 W Main St,Plymouth,18651,PA,41.2388,-75.9525,,
House of Brews,363 W 46th St,New York,10036,Nyc,40.760795,-73.989928,25,40
The Tuck Room-north Miami,3701 N E 163rd St,North Miami Beach,33160,Miami,25.926231,-80.16354,0,30
Fazoli's,3812 Rib Mountain Dr,Wausau,54401,WI,44.92225885,-89.65317,0,25
Pizza Time,3906 S 12th St,Tacoma,98405,WA,47.24998,-122.48963,,
Nm Cafe At Neiman Marcus - Palo Alto,400 Stanford Shopping Ctr,Palo Alto,94304,CA,37.441201,-122.173065,0,30
Doubledave's Pizzaworks,401 E Whitestone Blvd,Cedar Park,78613,TX,30.52266137,-97.82690265,0,25
Harry & Izzy's - Northside,4050 E 82nd St,Indianapolis,46250,IN,39.907755,-86.097478,0,30
Marble Slab Creamery,4100 N 2nd St,Mcallen,78504,TX,26.239253,-98.214788,,
Eat Maine Gourmet,4112 Pennsylvania Ave,Kansas City,64111,MO,39.052313,-94.591055,,
Cafe Americana,550 Main St,Cincinnati,45202-5211,OH,39.10278,-84.51006,,
Nypd Pizza,5761 Springdale Rd,Cincinnati,45247,Groesbeck,39.22971,-84.6313,,
The Melting Pot - Maple Shade Nj,584 Route 38 E,Maple Shade,8052,NJ,39.9424,-74.971499,0,30
Suite 600,600 George Washington Hwy,Lincoln,2865,RI,41.93478118,-71.48750067,25,40
David's Club Bar & Grill,6001 Destination Parkway Hilton Orlando,Orlando,32819,FL,28.424278,-81.458644,0,30
Tascali's Decades Pasta & Grill,6007 Us 60 E,Barboursville,25504,WV,38.413007,-82.307758,25,40
Kennedy Fried Chicken,638 E 169th St,Bronx,10456,NY,40.831436,-73.901245,0,25
Center Pizza,648 Center St,Manchester,6040,CT,41.7748279,-72.54840466,,
Town Pizza Deli,648 Main St,Reading,1867,MA,42.524433,-71.10281,,
Nm Cafe At Neiman Marcus Topanga,6550 Topanga Canyon Blvd,Chatsworth,91313,CA,34.189596,-118.605887,0,30
Roosevelt's American Homestyle Deli,684 King George Rd,Fords,8863,NJ,40.53234323,-74.30763611,0,25
Gio's Ristorante and Bar,701 Market St,Saint Louis,63101,MO,38.62668,-90.192488,0,30
Xpress Pizzeria,709 Church Ave,Brooklyn,11218,NY,40.64582,-73.9724,,
Rosa Ii Pizzeria & Restaurant,7559 Metropolitan Ave,Middle Village,11379,Elmhurst,40.71322392,-73.87542844,25,40
Firehouse,7701 White Ln,Bakersfield,93309,CA,35.317773,-119.0890662,,
Fortune Cookie,7708 Maple Ave,Merchantville,8109,NJ,39.952255,-75.02913,0,25
Mr. Chung's,78 Speedwell Ave,Morristown,7960,NJ,40.800338,-74.482058,0,30
The Melting Pot - Jacksonville,7860 Gate Parkway 101,Jacksonville,32256,FL,30.235593,-81.517355,31,50
Pat's Pizza,791 Us 1,Yarmouth,4096,ME,43.80368596,-70.17718792,0,25
Cantina Di Napoli,7A Trolly Sq,Wilmington,19806,DE,39.757859,-75.56166,0,30
Ken's West End Pizza,801 Islington St,Portsmouth,3801,NH,43.0689,-70.7726,,
Garden Room At Santa Maria Inn,801 S Broadway,Santa Maria,93454-6668,CA,34.9438,-120.43598,31,50
You-be's U-bake Pizza,820 N Alta Ave,Dinuba,93618,CA,36.55233,-119.3951,,
Palomino Restaurant Rotisseria (reported closed),825 Hennepin Ave,Minneapolis,55402,MN,44.9762,-93.275599,50,55
Angie's Restaurant Pizzeria,8352 S Pulaski Rd,Chicago,60652,IL,41.740826,-87.72163,,
North Italia - El Segundo,840 S Sepulveda,El Segundo,90245,CA,33.903157,-118.396069,0,30
John Gino's Pizza,8436 S 88th Ave,Justice,60458,IL,41.736555,-87.838222,,
Ciddici's,859 Belmont Ave S W,Albany,97321,OR,44.59057117,-123.1109365,,
Toss Up Salads,8616 Griffin Rd,Fort Lauderdale,33328,Ft Lauderdale,26.063679,-80.261,0,25
The Lookout Catering,8680 Pineview Ln N,Osseo,55369,Hassan,45.11267209,-93.44166376,25,40
The Melting Pot - Wilmington(nc),885 Town Center Dr,Wilmington,28405,Wilm,34.243118,-77.832161,31,50
Jet's Pizza,901 Nordic Dr,White Lake,48383,MI,42.650524,-83.52507,,
Crown Fried Chicken,9240 Guy R Brewer Blvd,Jamaica,11433,Queens,40.704094,-73.79666,0,25
Pizza Chef,944 S Irby St,Florence,29501,SC,34.1761,-79.76639,,
Fatty 'cue Kiosk,Battery Park,New York,10004,NY,40.70268365,-74.01641607,,
Little Pizza Paradise,Cascade Village Mall Across From Target,Bend,97701,OR,44.10266476,-121.3007971,,
Pizza Time,Hwy 15401,Bennettsville,29512,SC,34.6074654,-79.680889,0,25
Cvs/pharmacy,Mcdermott,Allen,75013,TX,33.10218459,-96.64893309,25,40
John's Pizzeria,424,Chicopee,1013,MA,42.147975,-72.600715,,
Original Italian Pizza,904,Binghamton,13905,Choconut Center,42.13666,-75.90507,,
Waterfront Restaurant,& The Embarcadero,San Francisco,94111,CA,37.79932696,-122.3973175,25,40
Cafe Noma,1 Collins Diboll Cir,New Orleans,70124,LA,29.986293,-90.093148,,
Enterprise Deli,1 Corporate Dr,Shelton,6484,CT,41.27626,-73.12953,0,25
The Melting Pot - Albany,1 Crossgates Mall Road Crossgates Mall,Albany,12203,Mckownville,42.688044,-73.852385,0,30
George's Pizza Restaurant,1 Dodgingtown Rd,Newtown,6470,CT,41.37498,-73.3445,,
Max Brenner Chocolate Bar,1 Garden State Plz,Paramus,7652,NJ,40.91664175,-74.07705872,25,40
Brigham Young University,1 N University Hl,Provo,84602,UT,40.25083927,-111.6492677,,
Paesano's,1 S Main St,Shrewsbury,17361,PA,39.73861036,-76.70195103,0,25
Sanderlings - Seascape Resort,1 Seascape Resort Dr,Aptos,95003,Seacliff,36.951958,-121.878676,0,30
Rye Grill and Bar,1 Station Plz,Rye,10580,NY,40.986231,-73.678849,0,30
John Harvard's Brewery and Ale House,1 Worcester Rd,Framingham,1701,Framingham So,42.2990671,-71.39358,0,30
Rob,10 Chicago Ave,Oak Park,60302,IL,41.8947,-87.775709,,
Damon's Grill,10 E 120th Ave,Denver,80233,North Glenn,39.91217216,-104.988699,25,40
Manhasset Bay Marina,10 Matinicock Ave,Port Washington,11050,Baxter Estates,40.83593671,-73.70459683,,
Chicken Derby Inc,10 Old Clairton Rd,Pittsburgh,15236,West Mifflin,40.34019,-79.964893,0,25
Uno Pizzeria & Grill - Sturbridge,100 Charlton Rd,Sturbridge,1566,MA,42.12484282,-72.05860695,25,40
Pizza Factory,100 N White Mountain Rd,Show Low,85901,AZ,34.24872,-110.02836,,
The Lafayette House,100 Route 94,Lafayette,7848,NJ,41.0928933,-74.68793624,50,55
'l Bistro,100 S 42nd St,Grand Forks,58201,ND,47.9125021,-97.08980799,0,25
Butera's Restaurant of Sayville,100 S Main St,Sayville,11782,Fire Island Pines,40.735908,-73.08076036,,
Piatti - Danville,100 Sycamore Valley Rd,Danville,94526,CA,37.811697,-121.996388,0,30
The Allen Street Grill (hotel State College),100 W College Ave,State College,16801-3838,PA,40.794366,-77.861649,0,30
Cooper's Hawk Winery & Restaurant,100 W Higgins Rd,Barrington,60010,Fox Rv Vly Gn,42.07349147,-88.18423033,,
Jacksons,1000 Corporate Dr,Canonsburg,15317,PA,40.298971,-80.1740109,50,55
Hershey Country Club,1000 E Derry Rd,Hershey,17033,Derry Church,40.2975987,-76.6295296,,
Brio Tuscan Grille - Puerto Rico,1000 Mall Of San Juan Blvd,San Juan,924,Alt De Berwind,18.411826,-66.024871,0,30
Portland Adventist Medical Pavilion,10000 S E Main St,Portland,97216,OR,45.51339563,-122.5594418,0,25
Antonio's Pizza,1001 Jason Pl,Chatham,62629,IL,39.684379,-89.706158,,
Cristy's Pizza,1001 S Main St,Baltimore,43105,OH,39.836708,-82.60525,,
Hungry Hoiwes Pizza & Subs,1003 E Oak St,Arcadia,34266,FL,27.211463,-81.847998,,
Dollar Tree,1006 US Highway 46,Clifton,7013,NJ,40.873066,-74.17854,,
Osteria Procaccini,101 Tree Farm Vlg,Pennington,8534,NJ,40.334764,-74.798457,25,40
Ton's Drive-in,101 W Main St,Broussard,70518,LA,30.148035,-91.964066,,
Casa Margarita's,101 West St,Grinnell,50112,IA,41.73251,-92.72778,,
Acapulco Mexican Restaurant,10114 Saint Charles Rock Rd,Saint Ann,63074,Saint Anne,38.72569383,-90.37790914,25,40
Sokai Sushi Bar - Flagler,10141 W Flagler St,Miami,33174-1811,FL,25.768853,-80.359969,31,50
Wilmington House of Pizza,1016 S College Rd,Wilmington,28403,Wilm,34.21657536,-77.88615704,,
Louie's Pizza,1019 Westgate Ave,Newark,43055,OH,40.04792,-82.44069,,
Don Carmelo's Pizzeria,1024 N 204th Ave,Elkhorn,68022,NE,41.26785,-96.234924,,
Euro Pizza,103 N State Rd,Briarcliff Manor,10510,Briarcliff Mnr,41.151892,-73.829087,25,40
California Pizza Kitchen,10300 Forest Hill Blvd,Wellington,33414,Village Of Wellington,26.64711379,-80.20931934,25,40
El Rey Burrito Lounge,1031 E Fairview Ave,Montgomery,36106,AL,32.35228,-86.29122,25,40
Hair Like Before,1032 Old Peachtree Rd N W,Lawrenceville,30043,GA,34.00013,-84.06857,,
Raimondo's Pizza,1033 Kilbery Ln,North Aurora,60542,IL,41.81706968,-88.34910797,25,40
Bertucci's,10333 S Roberts Rd,Palos Hills,60465,IL,41.702564,-87.81683743,25,40
Ynot Italian,1036 Volvo Pkwy,Chesapeake,23320,VA,36.76948,-76.22317,25,40
Pasta Faire,10401 Us 441,Belleview,34420,FL,29.07113559,-82.07051306,25,40
Brando's Pizza,1042 Union Rd,Buffalo,14224,NY,42.828365,-78.75513,,
Suds & Suds,1045 NW Kings Blvd,Corvallis,97330,OR,44.5772,-123.2753,,
The Melting Pot - Columbia,10451 Twin Rivers Rd,Columbia,21045,MD,39.220515,-76.873795,31,50
Palace Pizza Bartow,105 E Main St,Bartow,33830,FL,27.89632517,-81.84310734,,
Peter Piper Pizza,10501 Gateway Blvd W,El Paso,79925,TX,31.75546644,-106.344384,,
Bella's Italian Grille,1061 W Bank Rd,Celina,45822,OH,40.534969,-84.574349,0,25
Rosa Mexicano,1063 1st Ave,New York,10022,Manhattan,40.758989,-73.962782,50,55
Fusha East,1065 First Ave,New York,10022,Manhattan,40.759197,-73.96262,0,30
Mighty Mick's Pub & Cafe,10727 Randolph Saint Crown Point In,Crown Point,46307,Palmer,41.42250903,-87.23772331,,
Paesanos Delicatessen,108 Kennedy Blvd,Bayonne,7002,Pamrapo,40.65015,-74.13647,,
Dolce Vita,10824 Fairfax Blvd,Fairfax,22030,VA,38.854845,-77.317703,0,30
The Bistro,109 Old Chapin Rd,Lexington,29072,Edmund,33.98750424,-81.24642932,,
Derby Grille,110 Bunyan Ave Berthoud,Berthoud,80513,CO,40.31293506,-105.0747014,0,25
Jolane's,1100 Milwaukee Ave,Glenview,60025,IL,42.076618,-87.859923,0,30
Crown Fried Chicken,1101 Filbert St,Philadelphia,19107,Wm Penn Anx W,39.952679,-75.158251,0,25
Villa Rose Pizza,1114 N State Road 7,Broward County,,FL,26.02005359,-80.2082473,0,25
Golden Fox,1115 Culver Rd,Rochester,14609,NY,43.16568398,-77.56333286,0,25
Antoni's Italian Cafe,1118 Coolidge Blvd,Lafayette,70503,LA,30.20468,-92.01787,25,40
Buca Di Beppo - Cedar Park,11200 Lakeline Mall Dr,Cedar Park,78613,TX,30.470618,-97.806535,0,30
Lucero's Pizza,11200 Scaggsville Rd,Laurel,20723,MD,39.14696,-76.89989,,
Khan's Bar & Grill,1125 H St NE,Washington,20002,DC,38.9001696,-76.9902978,7,12
Victoria's Secret Pink,11301 Rockville Pike,Kensington,20895,MD,39.04173903,-77.10734816,,
Yummy Yummy,115 S Black Horse Pike,Bellmawr,8031,Gloucester City,39.86513,-75.07889,,
Crane Alley,115 W Main St,Urbana,61801,IL,40.1927,-87.97143,0,30
Doubletree Hotel Modesto,1150 9th St,Modesto,95354,CA,37.69745591,-121.0312787,,
Wooden Windmill,1155 S Broad St,Fremont,68025,NE,41.41553,-96.50038,,
Gatehouse Restaurant,116 Ann St,Pickens,29671,SC,34.883816,-82.7078,,
Lake Bowl Inc,1165 N Stratford Rd,Moses Lake,98837,Raugust,47.14469,-119.27833,,
Denny's,1170 S E Bishop Blvd,Pullman,99163,WA,46.71573868,-117.1660995,0,25
Big Blue Bagel,120 N College St,Auburn,36830,AL,32.607067,-85.481735,0,25
Uncle's Pizzeria & Co.,120 W Olive Saint Fort Collins Co,Fort Collins,80524,CO,40.5845793,-105.0781095,0,25
Pietro's Coal Oven Pizza - South Street,121 123 South St,Philadelphia,19147,PA,39.941495,-75.144845,0,30
The Sportsgrille,121 4th Ave S,Nashville,37201,TN,36.159927,-86.77642,,
West Bricktown,124 E Sheridan,Oklahoma City,73104,OK,35.466207,-97.509378,0,30
Real Bar & Bistro,124 S Solana Hills Dr,Solana Beach,92075,CA,32.994926,-117.258378,0,30
Cafe Veloce,12514 120th Ave N E,Kirkland,98034,Kingsgate,47.7141111,-122.181,0,30
Yesterday's Food Spirits,12594 Adams Rd,Granger,46530,IN,41.753524,-86.113749,0,30
East Coast Wings & Grill,12646 Capital Blvd,Wake Forest,27587,NC,35.989407,-78.53114,0,25
Applebee's,12719 W Sunrise Blvd,Fort Lauderdale,33323,Sunrise,26.14524231,-80.32359976,25,40
Stonebridge Bagels & Deli,1278 Yardville Allentown Rd,Allentown,8501,NJ,40.17433,-74.60018,,
River Rock,12833 Ventura Blvd,Studio City,91604,CA,34.145774,-118.411856,0,30
Texadelphia,12914 Fm 1960 Rd W,Houston,77065,TX,29.91965126,-95.6110391,0,25
Spagio,1295 Grandview Ave,Columbus,43212,Marble Cliff,39.984147,-83.044937,0,30
Mediterranean Harbour Bar & Grill,13 Harbourside Ln,Hilton Head Island,29928,SC,32.18039,-80.72779,,
Stephi's In Southie,130 Dorchester Ave,Boston,2127,MA,42.337376,-71.057016,0,30
Michael's Jewish Delicatessen,130 Town Center Rd,King Of Prussia,19406,PA,40.0945493,-75.36821154,25,40
Pagliacci Pizza,13005 N E 70th Pl,Kirkland,98033,Juanita,47.6669986,-122.166405,,
Tokai Sushi,1301 E Miller Ave,Salt Lake City,84106,Salt Lake Cty,40.70318162,-111.854462,,
Leo's Grill & Malt Shop,131 Main St S,Stillwater,55082,Oak Park Hts,45.05580594,-92.80572338,25,40
Blockbuster,1310 N W 23rd Ave,Gainesville,32605,FL,29.673973,-82.33917,,
Mr Zubs Deli,132 S Water St,Kent,44240,OH,41.15317,-81.35845,,
Buster's Sports Bar and Grill,1325 Madison Ave,Mankato,56001,MN,44.16602523,-93.97395551,0,25
Ya Ya Noodles Chinese Restaurant,1325 Us Highway 206,Skillman,8558,NJ,40.404377,-74.649414,25,40
House of Pizza,133 Main St,North Andover,1845,MA,42.702374,-71.130714,,
Legacy Diner,136 S White Horse Pike,Audubon,8106,Camden,39.89412,-75.06911337,25,40
Ally's Comfort Cafe,13674 W State Road 84,Fort Lauderdale,33325,Plantation,26.11706487,-80.33117294,0,25
Bill's Pizza,14 Main St,Hopkinton,1748,MA,42.229055,-71.52004048,,
Boston's Restaurant & Sports Bar,14004 E Indiana Ave,Spokane,99216,City Of Spokane Valley,47.675464,-117.225497,0,25
La Hacienda Taqueria,1401 Grant Ave,Novato,94945,San Marin,38.10831932,-122.5745429,25,40
Pancho Mc Gillicuddy's Mexican,141 W Railroad Ave,Williams,86046,AZ,35.251274,-112.187965,,
Victoria Pub & Grill,1413 S Victoria Ave,Ventura,93003,CA,34.262081,-119.211923,25,40
Rico's Pizza,1420 E Hatch Rd,Modesto,95351,CA,37.60925,-120.97111,,
Atheneos Greek Village Cafe,1425 Gross Rd,Mesquite,75149,TX,32.81036,-96.62621,,
Kennedy Fried Chicken,1429 Nostrand Ave,Brooklyn,11226,NY,40.651493,-73.949646,,
Brio Tuscan Grille - Southlake - Southlake Town Square,1431 Plaza Pl,Southlake,76092,TX,32.945053,-97.12952,0,30
Trattoria Il Mulino - Nashville,144 Fifth Ave S,Nashville,37203,TN,36.159201,-86.777574,31,50
Olde World Restaurant,14415 Tamiami Trl,North Port,34287,FL,27.043706,-82.233745,25,40
The Kimberly Hotel,145 E 50th St,New York,10022,Manhattan,40.756137,-73.971505,,
Country Bagel Bakery,145 E Gay St,West Chester,19380,PA,39.96193,-75.60276,,
Romeo's Pizza,14769 Pearl Rd,Strongsville,44136,OH,41.306194,-81.83522,,
Raku Sakura,148 Main St,East Greenwich,2818,RI,41.661895,-71.449638,0,30
The Brentwood,148 S Barrington Ave,Los Angeles,90049,Brentwood,34.06456347,-118.4690173,50,55
West River Cafe,148 W River St,Providence,2904,No Providence,41.84392,-71.413666,,
Martinizing,14805 W 64th Ave,Arvada,80007,CO,39.812653,-105.166004,50,55
Russo's Coal-fired Italian Kitchen,14910 Pines Blvd,Hollywood,33027,Pembroke Pnes,26.00650509,-80.34768333,25,40
John's Pizzeria and Resturant,1492 N Leroy St,Fenton,48430,MI,42.817609,-83.70711386,,
Main Street Pie Company,14933 Main St,Alachua,32615,FL,29.792139,-82.49557078,,
Hog Wild,14933 Pulaski Rd,Midlothian,60445,IL,41.620934,-87.717489,,
Little Italy Pizza,1495 Union Ave,Memphis,38104,Mphs,35.13593,-90.01149,0,25
Thurmans To Go,14950 Broad At,Reynoldsburg,43068,OH,39.98827143,-82.76653481,0,25
Labella Pizza and Pasta,15 Route 236,Clifton Park,12065,Elnora,42.83774,-73.738235,,
Italian Jim's Restaurant,15 S Broadway,Edmond,73034,OK,35.65473983,-97.48166731,25,40
Villaggio Ristorante,150 07 14th Rd,Whitestone,11357,Malba,40.787697,-73.81308,0,30
Laishley Crab House,150 Laishley Ct,Punta Gorda,33950,FL,26.938991,-82.050733,0,30
Kings Chicago - Lincoln Park,1500 N Clybourn Ave,Chicago,60610,Fort Dearborn,41.908528,-87.646393,25,40
Milan's Pizza,15030 S Harlan Rd,Lathrop,95330,CA,37.825893,-121.28692,,
Ayhan's Shish Kebab,1504 Old Country Rd,Westbury,11590,NY,40.74672753,-73.59584708,50,55
Mama's Pizza & Restaurant,15080 Idlewild Rd,Matthews,28104,Wesley Chapel,35.12226018,-80.65446284,25,40
Ciao Bella,1514 Us 41,Schererville,46375,IN,41.495491,-87.470989,0,30
Calabash Island Eats,1515 Pease St,Houston,77002,TX,29.749113,-95.364468,0,30
Ace's Pizza,1516 E Wood St,Paris,38242,TN,36.3119687,-88.29254186,,
Pizza Plus Inc of Lockport,1527 S State St,Lockport,60441,IL,41.582756,-88.06061,,
Kyoto Sushi,153 11 Union Tpke,Flushing,11367,Queens,40.719749,-73.80995,25,40
Lpc - La Pietra Cucina,1545 Peachtree St N E,Atlanta,30309,GA,33.797621,-84.388221,50,55
Bistro Colorado,1552 Bergen Pkwy,Evergreen,80439,CO,39.68699,-105.36119,0,30
Gattitown,1560 N Mcmullen Booth Rd,Clearwater,33759,FL,27.98164695,-82.71093177,,
Bascettis Italian Grille,1568 Main St,Dunedin,34698,FL,28.019892,-82.761579,0,30
Blackfinn Ameripub - Mt. Prospect,157 Randhurst Village Dr,Mount Prospect,60056,IL,42.083563,-87.933851,0,30
Bulldog Ale House - Bolingbrook,157 S Weber Rd,Bolingbrook,60490,IL,41.694313,-88.122608,0,30
Green Garden,15740 Aurora Ave N,Seattle,98133,Richmond Highlands,47.744408,-122.34544,0,25
The Uptown Restaurant & Bar,1576 3rd Ave,New York,10128,Ny,40.780403,-73.952835,25,40
Chesdan's Pizzeria,15764 S Bell Rd,Homer Glen,60491,IL,41.60302,-87.9303734,0,30
Mexican Gardens,15950 Eureka Rd,Southgate,48195,MI,42.1992749,-83.216983,25,40
Lagrande Pizza & Subs,16 S Blackhoof St,Wapakoneta,45895,OH,40.57006417,-84.19596791,,
Mellow Mushroom Pizza Bakers,16000 Stuebner Airline Rd,Spring,77379,TX,30.01190991,-95.51481485,25,40
Preston's Market At Loews Miami Beach Hotel,1601 Collins Ave,Miami Beach,33139,Venetian Islands,25.789053,-80.130118,0,30
Mark Twain Diner,1601 Morris Ave,Union,7083,Townley,40.69212597,-74.25411784,25,40
La Hacienda,1602 E Forsyth St,Americus,31709,GA,32.071243,-84.208984,25,40
Papa John's Pizza,1602 Madison Ave,Covington,41011,Park Hills,39.07149,-84.50665,,
Mr Jims Pizza Inc,1604 N State Highway 161,Grand Prairie,75050,TX,32.763278,-97.028265,,
Papa John's Pizza,16049 Johnson Rd,Charlotte,28277,NC,35.02941614,-80.85045251,0,25
Sicilia's Pizzeria,1605 Kanawha Blvd W,Charleston,25387,WV,38.36666,-81.666595,,
Southend Brewery & Smokehouse,161 E Bay St,Charleston,29401,SC,32.778485,-79.927267,25,40
Sammy's Woodfired Pizza & Grill,1620 Camino De La Reina,San Diego,92108,CA,32.77067001,-117.1498411,25,40
Draft Pick,1620 E Riverside Dr,Austin,78741,TX,30.24507289,-97.73014784,0,25
Pappy's Place,1635 Us 52 N,Rochester,55901,MN,44.0398649,-92.48848278,,
Tilted Kilt Mission Valley,1640 Camino Del Rio N,San Diego,92108,CA,32.76840354,-117.1470022,25,40
Paulo and Bill,16501 Midland Dr,Shawnee,66217,Shawnee Mission,38.998837,-94.77836,25,40
True Food Kitchen - Houston,1700 Post Oak Blvd,Houston,77056,TX,29.749606,-95.461548,0,30
The 263 Restaurant & Provisions,1705 N. Cuernavaca Dr.,Austin,78733,TX,30.34038,-97.86338,,
That 70s Dough,1720 E Sternberg Rd,Fruitport,49415,MI,43.15464555,-86.20251463,0,25
Tre Restaurant & Wine Bar,173 Ludlow St,New York,10002,New York City,40.72185,-73.987714,25,40
Hillside Pizza,173 Russell St,Hadley,1035,MA,42.342468,-72.58357338,,
Meltz Extreme Grilled Cheese,1735 W Kathleen Ave,Coeur D Alene,83815,Huetter,47.71557,-116.80962,,
Tailgators Sports Grill,1788 Main St W,Locust,28097,NC,35.25537535,-80.452548,0,25
Don Giovanni Ristorante Italiano and Wine Bar,18 Auburn Way S,Auburn,98002,WA,47.30715113,-122.2253753,50,55
Supreme Roast Beef & Sea Food,18 Maple St,Danvers,1923,MA,42.565882,-70.936112,25,40
Astoria Craft,1801 26th Rd,Astoria,11102,Queens,40.77332,-73.92714,,
Buca Di Beppo,1812 Red Cliffs Dr,Saint George,84790,Bloomington Hills,37.118553,-113.544716,,
The Spud Spot,1818 Manhattan Blvd,Harvey,70058,LA,29.88751,-90.056046,,
Oscar's Woodmont Kitchen,186 Hillside Ave,Milford,6460,CT,41.220893,-73.005318,0,30
Tavern On The Square,18607 Bothell Way N E,Bothell,98011,Queensgate,47.762601,-122.208193,0,30
Louie's Dale Diner,189 W 231st St,Bronx,10463,Spuyten Duyvil,40.87870891,-73.90431182,50,55
Brio Tuscan Grille - Sarasota - University Town Center,190 University Town Center Dr,Sarasota,34243,FL,27.393811,-82.446163,0,30
The Bahche,191 7th St,Brooklyn,11215,NY,40.673207,-73.990482,0,30
Barona Hot Dog Cart,1932 Wildcat Canyon Rd,Lakeside,92040,CA,32.94001914,-116.8744843,,
Dengeos,195 W Dundee Rd,Buffalo Grove,60089,IL,42.13871062,-87.962387,0,25
Angry Ham's Octane Bar & Grill,2 Beacon St,Framingham,1701,Framingham So,42.29884739,-71.40912198,25,40
Mezza Westwood,20 Jefferson Ave,Westwood,7675,Rivervale,40.9898801,-74.0308917,50,55
Cousins Cafe,20 Market St,Lockport,14094,NY,43.171102,-78.689865,,
Brio Tuscan Grille - North Bethesda,20 Paseo Dr,Rockville,20852,No Bethesda,39.043122,-77.112226,0,30
Crown Fried Chicken,200 Dyckman St,New York,10040,Manhattan,40.864779,-73.927187,0,25
The Beachhouse,200 Gulf Dr N,Bradenton Beach,34217,FL,27.46694095,-82.69958496,25,40
Rosewood Cafe,201 W Market St,Baltimore,43105,OH,39.84525,-82.60276,,
Bulldawgs Pizza,2026 S Milledge Ave,Athens,30605,GA,33.9237,-83.37992,,
The Crazy Tuna,203 Nanticoke Rd,Essex,21221,MD,39.311394,-76.432772,0,30
Ralph's Grocery Deli,2035 4th Ave,Seattle,98121,WA,47.613308,-122.3405,,
Lucky Star Lounge,205 E Main St,Front Royal,22630,Riverton,38.91767852,-78.19135487,,
Buca Di Beppo - Thousand Oaks,205 N Moorpark Rd,Thousand Oaks,91360,CA,34.181076,-118.876081,0,30
Family Affair Cafe/restaurant,2061 W Galena Ave,Freeport,61032,IL,42.30408815,-89.6527068,0,25
Great River Bowl & Partners Pub,208 2nd St S,Sartell,56377,MN,45.61487,-94.20777,,
Tony Colombos,208 Sunrise Hwy,Rockville Centre,11570,Rockville Center,40.657405,-73.646021,0,30
Donte's Restaurant & Pizza Shop,20850 Sheldon Rd,Brookpark,44142,OH,41.38983786,-81.852881,,
Larosa's Pizzeria,21 Lynn Ave,Oxford,45056,Darrtown,39.509831,-84.749949,25,40
Legal Sea Foods - Peabody,210 Andover Saint Northshore Mall,Peabody,1960,MA,42.545278,-70.944492,31,50
Bricco Kent,210 S Depeyster St,Kent,44240,OH,41.15261,-81.356418,25,40
Fifth Street Bagels,211 S 5th St,Richmond,47374,East Haven,39.82569055,-84.89564678,,
Keyme,21100 91st Pl S,Kent,98031,WA,47.413195,-122.218841,,
Philly's Subs,2111 Stewart Ave,Wausau,54401,WI,44.95747331,-89.66768203,0,25
Java Mammas,214 Main St,Reisterstown,21136,MD,39.46376582,-76.82880102,0,25
Sammies,215 W Rollins Rd,Round Lake,60073,Round Lake Heights,42.378642,-88.088781,0,25
Cugino's Pizza,2151 Lemoine Ave,Fort Lee,7024,West Fort Lee,40.856,-73.96708,,
Johnny Carino's,2159 Burke St,Bozeman,59718,MT,45.71139212,-111.0668729,25,40
District - San Francisco,216 Townsend St,San Francisco,94107,CA,37.778633,-122.393319,31,50
Mazatlan Restaurant,21616 Hwy 410,Bonney Lake,98391,Bonney Lk,47.1662622,-122.1412438,25,40
Applebee's,2180 Us Highway 70 S E,Hickory,28602,Longview,35.70428,-81.299671,25,40
Mediterraneo Ristorante,22 Englar Rd,Westminster,21157,MD,39.58133698,-76.98956,25,40
Fiala Aesthetics | Metro Orlando Plastic Surgeon,220 E Central Pkwy,Altamonte Springs,32701,FL,28.671713,-81.385328,,
The Grey Plume,220 S 31st Ave,Omaha,68131,NE,41.2577912,-95.9599328,25,40
Mr. Broast,2202 Ogden Ave,Aurora,60504,IL,41.732212,-88.26191,,
Pipitone Publications Inc,226 Baltimore Pike,Springfield,19064,PA,39.922786,-75.317732,25,40
New York Pizza Department & Bagels,2279 Eagle Glen Pkwy,Corona,92883,CA,33.82111,-117.521484,,
Toyo Japanese Sushi Bar & Hibachi,2305 Jackson Ave W,Oxford,38655,MS,34.36438806,-89.56343533,,
Raz's Little Italy,23233 Saticoy St,Canoga Park,91304,CA,34.20824,-118.63324,,
Woolworth Tower Kitchen,233 Broadway,New York,10279,Nyc,40.712266,-74.007918,31,50
Carvalho's Brazilian Kitchen,23623 N Scottsdale Rd D107,Scottsdale,85255,AZ,33.701168,-111.92514,0,30
Cafe Stratos,23642 Lorain Rd,North Olmsted,44070,OH,41.432946,-81.88364104,,
First and Last Tavern,240 Pine Point Rd,Scarborough,4074,ME,43.551507,-70.356762,,
Little Hut Sandwich Shop,241 E Chester Pike,Ridley Park,19078,PA,39.87858,-75.31517,0,25
Lineage - Permanently Closed,242 Harvard St,Brookline,2446,MA,42.341129,-71.120988,31,50
Southside Grill & Margarita Factory,242 W Broadway,Gardner,1440,MA,42.560816,-71.989132,25,40
Primo's Pizza,24330 Meadowbrook Rd,Novi,48375,MI,42.46796,-83.45518,,
Saltwater Willys,2455 E Grapevine Mills Cir,Grapevine,76051,TX,32.96374973,-97.0393923,25,40
Quesadillas Mexican Restaurant,249 Church St,Amherst,44001,Brownhelm,41.39783182,-82.22493641,25,40
Los Compadres,25 Foothill Rd,Reno,89511,Pleasant Valley,39.43912,-119.770164,25,40
Speakeasy Bar & Grill,254 Thames St,Newport,2840,RI,41.48658,-71.31494,50,55
Chung Dam,2550 Pleasant Hill Rd,Duluth,30096,GA,33.96851,-84.14471,25,40
Josephine's Pizza Pastaria,2560 Glendale Ave,Green Bay,54313,Howard,44.564533,-88.0818,,
Concord Pike Steak Shop,257 W Wilmington Chester Pike,Chadds Ford,19317,PA,39.8525,-75.53895,,
Palisade,2601 W Marina Place Elliott Bay Marina,Seattle,98199,Magnolia,47.633325,-122.386922,31,50
Bella Frutteto,2602 Brandt School Rd,Wexford,15090,PA,40.615584,-80.09299,,
Tower Hill Tavern,264 Lakeside Ave,Laconia,3246,Weirs Beach,43.607478,-71.459311,,
Pie In The Sky,267 Swanton Rd,Saint Albans,5478,St Albans,44.838036,-73.081566,,
The James New York,27 Grand St,New York,10013,Manhattan,40.722719,-74.004747,347,666
Ristorante Via Alto 27,27 High St,Clinton,1510,MA,42.416479,-71.684601,50,55
Sunset Grill & Lounge,271 Lake Havasu Ave S,Lake Havasu City,86403,AZ,34.46565,-114.33518,,
Gusto,277 Alexander St,Rochester,14607,NY,43.15336592,-77.59550733,25,40
Dream Cafe,2800 Routh St,Dallas,75201,TX,32.798929,-96.803516,0,30
Elicia's Pizza & Wings,2801 Hampton Ave,Saint Louis,63139,MO,38.60878933,-90.2887708,,
Rosangela's Pizza,2807 W 95th St,Evergreen Park,60805,IL,41.72072431,-87.69252705,25,40
Spinning Wheel Diner,283 U.S. 22,Califon,7830,NJ,40.640364,-74.796613,0,25
Redbox,284 Civic Center Dr,Augusta,4330,Togus,44.349187,-69.796203,,
I Love Bagels,28985 Golden Lantern,Laguna Niguel,92677,CA,33.54206,-117.69095,0,25
Campania Pizza,291 Grand Ave,Southlake,76092,TX,32.94368424,-97.12974465,,
The Round Table Cafe,2959 N Oakland Ave,Decatur,62526,IL,39.875535,-88.973074,,
Bamcaf��,30 Lafayette Ave,Brooklyn,11217,NY,40.68665859,-73.97774935,,
Lazy Mary's,30 Littleton Rd,Ayer,1432,Fort Devens,42.552097,-71.567703,,
Buttermilk Hill Restaruant and Bar,300 E 3rd St,Sylacauga,35150,Talladega Springs,33.17170418,-86.24592947,50,55
Casey's General Store,300 E Locust St,Chatsworth,60921,IL,40.75374,-88.293759,,
Land Sharks Pizza Co,300 Harbor Blvd,Destin,32541,FL,30.39388,-86.505,,
Marquart's Landing,300 W,Washington,63090,Clover Bottom,38.561415,-91.012726,,
Getaway Cafe,3049 Sussex Ave,Pittsburgh,15226,Pitt,40.38433,-80.01593,,
Captains Point,305 E Harrison St,Lakeview,43331,OH,40.482773,-83.92229,0,25
Patrizio,305 W Fm 1382,Cedar Hill,75104,TX,32.60322934,-96.94112778,25,40
Applebee's Tracy,3060 Naglee Rd,Tracy,95304,CA,37.75757298,-121.4618598,25,40
Historic Revere Tavern,3063 Lincoln Hwy E,Paradise,17562,Harristown,40.0111,-76.1355,0,30
Goodfella's Cafe,31 S Arlington Ave,Baltimore,21223,MD,39.287831,-76.635059,,
Printers Inc Cafe,310 S California Ave,Palo Alto,94306,CA,37.42731435,-122.1440542,,
Giannotti's Country Manor,3118 Pricetown Rd,Fleetwood,19522,Ruscombmanor Twp,40.4004445,-75.8599789,25,40
Manny's Pizza Sterling,312 Locust St,Sterling,61081,IL,41.788326,-89.69604,,
Gia Nina's Pizza,312 S Evergreen Ave,West Deptford,8096,Woodbury,39.830406,-75.14718,,
Avenue Italy Cucina Italiana,31243 Palos Verdes Dr W,Rancho Palos Verdes,90275,Pls Vrds Est,33.749058,-118.407728,0,30
Looper's Grille Bar,313 E 3rd St,Bethlehem,18015,PA,40.612057,-75.37441,,
Midori Japanese Restaurant,3130 Route 10 W,Denville,7834,NJ,40.8708844,-74.51648712,25,40
The Ups Store,315 S Coast Highway 101,Encinitas,92024,Olivenhain,33.048312,-117.294038,,
That Pizza Place,3189 King Ave W,Billings,59102,MT,45.75524,-108.59658,,
Cinders Wood Fire Grill,319 Rt,Mine Hill,7803,NJ,40.8801739,-74.6071214,0,30
Restaurant & Bar Ko,3196 Waialae Ave,Honolulu,96816,Hono,21.287633,-157.80806,31,50
Doubledave's Pizzaworks,3208 N Loop 250 W,Midland,79707,TX,32.01104178,-102.1571124,,
Anania's,323 Broadway,South Portland,4106,So Portland,43.64008,-70.24341,0,25
Carlo's Gourmet Pizzeria & Restaurant,326 Us Highway 9,Englishtown,7726,NJ,40.308907,-74.304115,,
Upper Crust Pizza,329 Old Santa Fe Trl,Santa Fe,87501,Chupadero,35.68489,-105.93767,,
Pizza Pizazz,32925 1st Ave S,Federal Way,98003,WA,47.307087,-122.334694,,
Prime De Leon,33 Patio De Leon,Fort Myers,33901,Fmy,26.644357,-81.870777,25,40
Andrea Pizza - Towle Building,330 2nd Ave S,Minneapolis,55401,MN,44.97927787,-93.26649718,,
Brio Tuscan Grille - Lombard - The Shops On Butterfield,330 Yorktown Ctr,Lombard,60148,IL,41.839841,-88.01026,0,30
Maggiano's - Buckhead,3368 Peachtree Rd,Atlanta,30326,GA,33.848153,-84.366894,0,30
Joe's Grill & Cantina,3400 S 74th St,Fort Smith,72903,AR,35.34947,-94.35115,,
Tomo Steak and Sushi,3500 E Main St,Farmington,87402,NM,36.74987198,-108.1603169,50,55
Lunch Box,355 Saint Mark Rd,Taylors,29687,SC,34.93767,-82.29812,,
Rick's Cabaret,3551 Lafayette Rd,Indianapolis,46222,IN,39.817155,-86.22812,,
Blue Agave Mexican Restaurant,3558 W Pinhook Rd,Lafayette,70508,LA,30.16026623,-91.9915483,25,40
Hunan Gourmet,357 Us Highway 9,Englishtown,7726,NJ,40.31333772,-74.30512905,50,55
Art Cafe,3610 Route 378,Bethlehem,18015,PA,40.5813,-75.388214,,
Tony Soprano's Pizza,3747 Church Rd,Mount Laurel,8054,Mount Laurel Township,39.92969,-74.97526,,
Flatbread Neapolitan Pizzeria,375 S W Powerhouse Dr,Bend,97702,OR,44.046215,-121.315417,25,40
D. Vino Italian Food and Wine Bar - Monte Carlo,3770 Las Vegas Blvd S,Las Vegas,89109,NV,36.104416,-115.17607,0,30
Somma Pizza & Sports Bar,380 Route 909,Verona,15147,PA,40.52745557,-79.81074983,25,40
Coral Restaurant,3801 Broadway,New York,10032,Nyc,40.83469579,-73.94468171,25,40
Knolla's Pizza,3817 W 13th St N,Wichita,67203,KS,37.70839273,-97.38826742,,
Masago,39 Broad St,Morristown,,NJ,40.79785715,-74.48304028,,
Luigi's Patio Ristorante,3975 State Highway 6 S,College Station,77845,TX,30.586124,-96.28402,50,55
Toni's By George,399 Main St,Medford,2155,West Medford,42.40433,-71.10758,,
Brio Tuscan Grille - Columbus - Easton,3993 Easton Sta,Columbus,43219,OH,40.049619,-82.915542,0,30
The Green Table,4 Enterprise Ave N E,Isanti,55040,MN,45.50248,-93.2379,,
Casa-Rica,400 N Center St,Westminster,21157,MD,39.57790088,-76.98442552,25,40
Amico's Pizza & Pasta,4032 Cedar Springs Rd,Dallas,75219,TX,32.811667,-96.811864,0,25
Harry's Pizza,405 Sea St,Quincy,2169,Quincy Center,42.262196,-70.983795,,
China Kitchen,406 E Colfax Ave,Denver,80203,CO,39.739883,-104.98201,,
Applebee's,4100 Crain Hwy,Bowie,20716,South Bowie,38.94743,-76.71815,25,40
Gourmet Seafood & Grill,4101 W Skippack Pike,Schwenksville,19473,Fruitville,40.228308,-75.405317,0,30
Nana Sushi,411 Granby St,Norfolk,23510,VA,36.851345,-76.28977,25,40
Ming Garden Cocktails Chinese Restaurant,4138 Ogletown Stanton Rd,Newark,19713,DE,39.68517,-75.68316,,
Mc Kitchen,4141 N E 2nd Ave 101a,Miami,33137,FL,25.814238,-80.19126,31,50
The Wild Goose,4144 Erie St,Willoughby,44094,Willoughby Hills,41.63995811,-81.40695065,25,40
Amis Creperie + Cafe,415 Grand Ave,South San Francisco,94080,Ssf,37.655709,-122.413233,,
The Brickyard Restaurant and Sports Bar,415 N Prince St,Lancaster,17603,Manor Ridge,40.04470825,-76.30867449,25,40
Lucky Strike Lanes - Belmar,415 S Teller,Denver,80226,CO,39.708715,-105.076839,0,30
Baglianis Food Market,417 12th St,Hammonton,8037,Blue Anchor,39.631881,-74.808583,,
Chena's Alaskan Grill,4200 Boat St,Fairbanks,99709,AK,64.85437,-147.84692,31,50
City Bites,425 OK-152,Mustang,73064,OK,35.39174386,-97.71733761,0,25
Philtower Building,427 S Boston Ave,Tulsa,74103,OK,36.15205156,-95.98882702,,
Delicious Heights Berkley Heights,428 Springfield Ave,Berkeley Heights,7922,NJ,40.684811,-74.438187,0,30
Don Juan's Mexican Restaurant,43 S Talbert Blvd,Lexington,27292,Arnold,35.81391554,-80.24982691,25,40
Oceano Bistro - Clayton,44 N Brentwood,Saint Louis,63105,MO,38.649703,-90.341542,0,30
Maggiano's - Perimeter,4400 Ashford Dunwoody Rd,Atlanta,30346,GA,33.923769,-84.338113,0,30
Buona Vita Pizzeria,441 6th Ave,Dayton,41074,KY,39.11235,-84.47472,,
Pasta Brioni,4416 N Miller,Scottsdale,85251,AZ,33.500505,-111.917534,0,30
Woodlands Restaurants,444 Eagle Ridge Dr,Galena,61036,IL,42.40551431,-90.33827982,50,55
Franklin Giant Grinder Shop,448 Franklin Ave,Hartford,6114,Htfd,41.73670214,-72.6752126,,
Zuccos Restaurant,451 Dalton Ave,Pittsfield,1201,MA,42.46368239,-73.21488717,25,40
Rico's Italian Pizza,4550 Balfour Rd,Brentwood,94513,CA,37.925106,-121.694046,,
Wei Chuan Kitchen,46 Bergen Tpke,Little Ferry,7643,NJ,40.850193,-74.03209,,
Sweet Tomatoes,461 Station Ave,South Yarmouth,2664,So Yarmouth,41.68506683,-70.20884335,,
Joe's American Bar Grill,466 King St,Franklin,02038-2534,MA,42.066414,-71.398796,25,40
Candlelight Dinner Playhouse,4747 Marketplace Dr,Johnstown,80534,CO,40.357917,-104.978371,,
Blackfinn American Grille,4840 Big Island Dr,Jacksonville,32246,FL,30.25396669,-81.53036714,25,40
Peter Piper Pizza,4940 E Ray Rd,Phoenix,85044,AZ,33.31993,-111.97697,,
Pizza Bistro,4952 Merrick Rd,Massapequa Park,11762,NY,40.66648,-73.452324,,
Maggiano's Little Italy,4999 Old Orchard Shopping Ctr,Skokie,60077,IL,42.05731867,-87.74851122,25,40
The Pizza Lady,50 Liberty St,Pawcatuck,6379,CT,41.37956342,-71.83625378,,
Buddha Belly Deli,50 N Valle Verde Dr,Henderson,89074,NV,36.030186,-115.06311,25,40
Meglio's Pizza,500 Garden City Dr,Monroeville,15146,PA,40.44872,-79.78066,,
Obed & Isaac's Microbrewery and Eatery,500 S 6th St,Springfield,62701,IL,39.79693066,-89.64770794,25,40
Brio Tuscan Grille - Marlton - The Promenade At Sagemore,500 S Rt 73 10,Marlton,8053,Evesham Twp,39.878701,-74.920274,0,30
The Veranda At The Kahala Resort,5000 Kahala Ave,Honolulu,96816,Hono,21.271709,-157.77395,31,50
Valley Lahvosh Baking,502 M St,Fresno,93721,CA,36.731148,-119.781654,,
La Hacienda Real,5024 River Rd N,Salem,97303,OR,44.998068,-123.0261094,25,40
Mangia Mangia Café,505 S Flower St,Los Angeles,90071,Arco-plaza,34.05098813,-118.256626,,
Park Deli Too,51 Commercial Ave,New Brunswick,8901,NJ,40.48803,-74.43908,0,25
Brixx,5110 Washington Ave,Houston,77007,TX,29.77059622,-95.41307867,25,40
Cafe Gratitude - Venice,512 Rose Ave,Venice,90291,CA,33.997981,-118.47331,0,30
Abyssinia Chinese,5125 E Main St,Columbus,43213,OH,39.95499,-82.86061,,
Primanti Bros,516 E Oakland Park Blvd,Fort Lauderdale,33334,Wilton Manors,26.166536,-80.13974,,
Kimono Japanese & Chinese Restaurant,519 Germantown Pike,Lafayette Hill,19444,PA,40.08662,-75.252304,,
Hogarth's Bar & Bistro,5201 Center St,Williamsburg,23188,VA,37.279276,-76.742978,0,30
Buona Gente,5205 E 2nd St,Long Beach,90803,Naples,33.7605293,-118.1349939,25,40
Spinners Rootop Revolving Bistro & Lounge @ Grand Plaza Hotel-st Pete Beach,5250 Gulf Blvd,Saint Petersburg,33706,Saint Pete Beach,27.725897,-82.74283,31,50
East End Kitchen - Permanently Closed,539 E 81st St,New York,10028,Nyc,40.772012,-73.94756,0,30
Ristorante Italiano,555 Soquel Ave,Santa Cruz,95062,CA,36.97572,-122.01743,25,40
Kirin Hibachi Japanese Steakhouse,556 Route 25a,Saint James,11780,Deer Wells,40.888104,-73.15428436,50,55
Miller's Drive Thru,557 S Main St,Gunnison,84634,UT,39.143574,-111.81883,,
Verdile's,572 2nd Ave,Troy,12182,Pleasantdale,42.77473147,-73.67688169,25,40
Lucky Mouse Chinese Gifts,5770 W Irlo Bronson Memorial Hwy,Kissimmee,34746,FL,28.328843,-81.51588,,
Mediterranea,578 Bloomfield Ave,Montclair,7043,NJ,40.8158,-74.21998,0,30
Omelette & Waffle Café,580 Forest Ave,Plymouth,48170,MI,42.36835279,-83.47133861,0,25
Ipic Theaters Bayshore,5800 N Bayshore Dr,Milwaukee,53217,Glendale,43.1221547,-87.91422857,,
Breakside Brewery,5821 SE International Way,Portland,97222,OR,45.43198,-122.6033,,
Verace: True Italian,599 Main St,Islip,11751,Islip Manor,40.729916,-73.212166,31,50
Village Roast Beef & Seafood,6 Bessom St,Marblehead,1945,MA,42.50031408,-70.85926875,0,25
Panda Garden,600 N Colony Rd,Wallingford,6492,CT,41.469563,-72.81672,25,40
Buca Di Beppo - Wheeling,604 N Milwaukee Ave,Wheeling,60090,IL,42.149001,-87.912867,0,30
Avocado Cafe,6060 Scholarship,Irvine,92612,CA,33.665977,-117.85278,,
Papa Murphy's Pizza,61160 S Highway 97,Bend,97702,OR,44.02054196,-121.3156524,,
Jo-jo's Original Pizzeria,616 Dixie Hwy,Rossford,43460,OH,41.609978,-83.559006,,
Inis Cairde School of Irish Dance,6166 Falls Of Neuse Rd,Raleigh,27609,NC,35.866445,-78.620553,,
Brio Tuscan Grille - Murray,6173 S State St,Salt Lake City,84107,Salt Lake Cty,40.636451,-111.889105,0,30
The Italian Oven,623 Highland Ave,Connellsville,15425,S Connelsvl,40.02406613,-79.59280639,25,40
Wine Experience Cafe and World Cellar,6240 S Main Saint L115 (behind Mcalisteraposs Deli),Aurora,80016,CO,39.603241,-104.708548,31,50
Harvey's Bistro Park Ave @ Metro West,6400 Time Square Ave,Orlando,32835,FL,28.508987,-81.47095,25,40
Pietro's Restaurante,645 Boardwalk Blvd,Bossier City,71111,LA,32.51947938,-93.74185019,0,25
Paloma's Pasta Cafe,650 Westchester Ave,Bronx,10455,NY,40.81603,-73.90865,50,55
Maggiano's - Springfield,6500 Springfield Mall,Springfield,22150,VA,38.774187,-77.174038,0,30
Paradise Lanes,6501 Washington Ave,Racine,53406,WI,42.719143,-87.85964,,
Booies Pizza,653 W 26th St,Erie,16508,PA,42.10643,-80.08851,,
Larosa's Pizzeria,6607 Glenway Ave,Cincinnati,45211,Fairmont,39.15657,-84.630101,25,40
Brio Tuscan Grille - Las Vegas - Town Square,6653 S Las Vegas Blvd,Las Vegas,89119,NV,36.068367,-115.176159,0,30
The Shrimp Shack,6658 W Archer Ave,Chicago,60638,Forest View,41.79209884,-87.78685068,,
The Hideaway Grill,6746 E Cave Creek Rd,Cave Creek,85331,AZ,33.83238305,-111.9345093,,
Fisher's Cafe,7 07 Fair Lawn Ave,Fair Lawn,7410,Radburn,40.935616,-74.13332241,0,25
Brio Tuscan Grille - Danbury - Danbury Fair,7 Backus Ave,Danbury,6810,CT,41.381317,-73.478368,0,30
Bagelface Bakery,700 Main St,Nashville,37206,TN,36.17451746,-86.7605567,0,25
Charlies American Grill & Spirits,701 Gordon Dr,Sioux City,51101,IA,42.49020074,-96.40174627,25,40
Philly Cheese Steak Express,701 N Milwaukee Ave,Vernon Hills,60061,IL,42.23671448,-87.94373562,,
The Hamilton Inn,708 Jersey Ave,Hoboken,7030,Uptown,40.729038,-74.044874,0,30
Terra American Bistro,7091 El Cajon,San Diego,92115,CA,32.768514,-117.04499,0,30
Lucia of Greenlake,7102 Woodlawn Ave N E,Seattle,98115,Wedgwood,47.679895,-122.324532,0,30
Old Mill Brewpub,711 E Main St,Lexington,29072,Edmund,33.977715,-81.229095,,
Dunwellz Custom Kitchen & Pour House,7110 Brighton Park Dr,Charlotte,28227,NC,35.17207658,-80.66272545,,
Rancho Viejo Mexican Grill,715 Lenoir Rhyne Blvd S E,Hickory,28602,Longview,35.72376469,-81.32007122,25,40
Holy Cannoli,72 Main St,Waterville,4901,ME,44.549656,-69.63001,,
Jake's Pizza,728 W Chicago St,Elgin,60123,IL,42.034701,-88.295471,,
Piero's Pizza Vino,73722 El Paseo,Palm Desert,92260,CA,33.719958,-116.378539,25,40
Mignon's At Sky Valley Resort,74711 Dillon Rd,Desert Hot Springs,92241,Sky Valley,33.900175,-116.363447,0,30
Nick's Pizza,750 W High St,Pottstown,19464,PA,40.2467435,-75.67882862,,
San Remo Pizza,7575 Buckley Rd,Syracuse,13212,Syr,43.1358,-76.17058,,
Alexander's - Hilton Head Island,76 Queens Folly Rd,Hilton Head Island,29928,SC,32.168743,-80.719748,0,30
Di Nardo's Ristorante Italiano,76 Westchester Ave,Pound Ridge,10576,NY,41.18813028,-73.5494772,50,55
Big Daddy's Pizza,7669 S 700 E,Midvale,84047,Cushing,40.61164,-111.87133,,
Nypd Pizza & Delicatessen,768 W 1425 N,Layton,84041,UT,41.08174152,-111.97999,,
Dragon Inn Chinese Restaurant,7710 City Ave,Philadelphia,19151,Phila,39.978184,-75.273735,,
Sake Cafe -japanese Steak House & Bar,774 Park Ave,Bloomfield,6002,CT,41.82896713,-72.73234157,50,55
Avellino's Pizza,775 Goodman Rd E,Southaven,38671,MS,34.962692,-89.975845,,
Taste of Tuscany,7753 Roseville Rd,Sacramento,95842,CA,38.706637,-121.328239,0,25
Brio Tuscan Grille - Cherokee - Cherokee Casino,777 Casino Dr,Cherokee,28719,NC,35.469494,-83.29855,0,30
Zeppoz,780 SE Bishop Blvd,Pullman,99163,WA,46.713608,-117.17121,,
Stissing House,7801 S Main St,Pine Plains,12567,Mount Ross,41.979321,-73.656571,31,50
Montys Old Brick Tavern,7921 Williston Rd,Williston,5495,VT,44.4385,-73.0725,,
China Taste,8 E Main St,Ephrata,17522,Durlach,40.17871581,-76.17723331,0,25
Mangy Moose Emporium,80 W Broadway Ave,Jackson,83001,Jackson Hole,43.47941394,-110.7637237,,
East Coast Wings & Grill,800 N Main St,Kernersville,27284,Matthewstown,36.12882319,-80.0599008,25,40
Mama's Bakery Pizza & Salad Bar,800 Nicollet Mall,Minneapolis,55402,MN,44.97594,-93.27306,,
Calderone Club,8001 N Port Washington Rd,Milwaukee,53217,Glendale,43.162429,-87.91198075,50,55
Patsy's Pizzeria,801 2nd Ave,New York,10017,Manhattan,40.7504272,-73.9722061,25,40
Lucky's Pub,801 Saint Emanuel St,Houston,77003,TX,29.75247947,-95.35416442,25,40
Champney's Restaurant Tavern,81 Old Main St,Deerfield,1342,West Deerfield,42.54604,-72.60433,,
Doughboys,8136 W 3rd St,Los Angeles,90048,Bicentennial,34.072135,-118.366983,25,40
Ruby Asian Fusion and Sushi Bar,8285 Jericho Tpke,Woodbury,11797,NY,40.816725,-73.466264,0,30
Olivas' Mexican Food,8370 E State Route 69,Prescott Valley,86314,AZ,34.585773,-112.319275,,
Taco Pronto,8385 W 21st St N,Wichita,67205,KS,37.72265196,-97.43952,,
P.j. Whelihan's Pub Restaurant,853 E Lancaster Ave,Downingtown,19335,PA,40.017258,-75.68402,25,40
Senior Tequila,8605 Highway 107,Sherwood,72120,Nlr,34.83388252,-92.23210596,0,25
Mount Laurel Bagels & Bakery,888 Union Mill Rd,Mount Laurel,8054,Mount Laurel Township,39.93863256,-74.91521358,0,25
The Grille At Shadowrock Sedona Hilton,90 Ridge Trail Dr,Sedona,86351-7390,AZ,34.773736,-111.765294,0,30
Larosa's Pizzeria,901 Loveland Madeira Rd,Loveland,45140,Murdock,39.26125063,-84.2709923,,
Fogle's Subs And Grill,909 Eagles Landing Pkwy,Stockbridge,30281,GA,33.5109,-84.21969,,
Maggiano's - Orlando,9101 International Dr,Orlando,32819,FL,28.432958,-81.471476,0,30
Bay Ridge Eatery,9128 5th Ave,Brooklyn,11209,NY,40.6183,-74.02934,,
Rogue Valley Roasting Company,917 E Main St,Ashland,97520,OR,42.194127,-122.702854,,
Charley's Restaurant & Lounge,920 Madison Ave,Mankato,56001,MN,44.166982,-93.98133348,50,55
Suki Japanese Restaurant,9208 3rd Ave,Brooklyn,11209,NY,40.619116,-74.033148,,
Buca Di Beppo - San Jose - Oakridge,925 Blossom Hill Road Oakridge Mall,San Jose,95123,CA,37.250458,-121.863415,0,30
China Moon,938 N Main St,Suffolk,23434,VA,36.743145,-76.583496,,
Guidos,9563 Kings Charter Doctor B,Ashland,23005,VA,37.69316,-77.43744,0,30
Luke's Locker,9595 Six Pines Dr,Spring,77380,TX,30.16413,-95.46235,0,25
Grotto - The Woodlands,9595 Six Pnes,Spring,77380,TX,30.164673,-95.466438,0,30
Kafe Neo - Marysville,9730 State Ave,Marysville,98270,WA,48.0839,-122.173,0,30
Applebee's,980 Razorback Dr,Houghton,49931,MI,47.112873,-88.58666,25,40
Arirang Hibachi Steakhouse,986 Route 9 S,Parlin,8859,NJ,40.45759301,-74.29607391,25,40
Stinger's Cafe,Fullerton College,Fullerton,92832,CA,33.87584044,-117.918427,0,25
Cave of The Winds,Goat Is,Niagara Falls,14303,NY,43.08242995,-79.07126427,,
Sir Pizza,Madison St,Madison,,TN,36.25869691,-86.71407402,0,25
Main Street Restaurant,Main St,Detroit Lakes,56501,MN,46.81714592,-95.84540589,0,25
Manor Restaurant,Manor Rd,Staten Island,10314,NY,40.60438346,-74.12059804,50,55
Potbelly Sandwich Shop,Midway Airport,Chicago,60638,Forest View,41.7876304,-87.7417593,0,25
Grassfields Bar & Grill,Rt 114,Danvers,1923,MA,42.5520956,-70.95789297,25,40
Casa Giuseppe's Italian Grill,SE Indian St,Stuart,34997,FL,27.15995607,-80.24148524,50,55
Five Below,Ulster Ave,Kingston,12401,St Remy,41.95853223,-73.98853826,25,40
Morgans,Willow St,Allentown,18104,PA,40.64680879,-75.54819975,50,55
